number,value,datetime_start,datetime_complete,duration,params_colsample_bytree,params_learning_rate,params_max_depth,params_min_child_samples,params_n_estimators,params_num_leaves,params_reg_alpha,params_reg_lambda,params_subsample,user_attrs_best_iteration,user_attrs_mape,user_attrs_mda,state,mda,mape,best_iteration
0,0.15555555555555556,01:41.9,01:47.8,0 days 00:00:05.929236,0.5290418060840998,0.1205712628744377,15,19,1238,105,0.6245760287469887,0.002570603566117596,0.5779972601681014,159,0.0033382572588011353,0.8444444444444444,COMPLETE,0.8444444444444444,0.0033382572588011353,159
1,0.0888888888888889,01:47.8,01:48.8,0 days 00:00:00.982651,0.5917022549267169,0.27081608642499677,3,25,1682,185,5.472429642032189e-06,0.00052821153945323,0.5909124836035503,54,0.0036854197281903605,0.9111111111111111,COMPLETE,0.9111111111111111,0.0036854197281903605,54
2,0.11111111111111116,01:48.8,01:52.4,0 days 00:00:03.543819,0.728034992108518,0.08012737503998542,6,33,365,119,0.11656915613247415,6.267062696005991e-07,0.6831809216468459,193,0.0023606861383019323,0.8888888888888888,COMPLETE,0.8888888888888888,0.0023606861383019323,193
3,0.1444444444444445,01:52.4,02:23.5,0 days 00:00:31.142527,0.9744427686266666,0.011711509955524094,10,21,1254,138,4.905556676028766,0.1886149587855396,0.5325257964926398,922,0.002763417831822543,0.8555555555555555,COMPLETE,0.8555555555555555,0.002763417831822543,922
4,0,02:23.5,02:25.1,0 days 00:00:01.630712,0.5171942605576092,0.1024932221692416,4,16,936,88,1.5271567592511939,2.133142332373e-06,0.7475884550556351,122,0.002173240454697535,1,COMPLETE,1,0.002173240454697535,122
5,0.033333333333333326,02:25.1,02:28.7,0 days 00:00:03.531949,0.8875664116805573,0.05864129169696527,7,22,1139,174,2.8542399074977594,1.1309571585271492,0.9847923138822793,81,0.0024857163800069927,0.9666666666666667,COMPLETE,0.9666666666666667,0.0024857163800069927,81
6,0.1444444444444445,02:28.7,02:56.8,0 days 00:00:28.138513,0.6943386448447411,0.01351182947645082,14,9,472,159,2.7678419414850017e-06,0.287499823474079,0.6626651653816322,427,0.002891947259435166,0.8555555555555555,COMPLETE,0.8555555555555555,0.002891947259435166,427
7,0.033333333333333326,02:56.8,02:59.9,0 days 00:00:03.108268,0.9934434683002586,0.06333268775321839,6,82,367,100,0.08916674715636552,6.143857495033091e-07,0.5372753218398854,142,0.0025257119536214044,0.9666666666666667,COMPLETE,0.9666666666666667,0.0025257119536214044,142
8,0.033333333333333326,02:59.9,03:02.8,0 days 00:00:02.844517,0.6792328642721364,0.11069143219393454,13,79,1485,16,1.1036250149900698e-07,0.5860448217200526,0.5370223258670452,127,0.0026166298301275944,0.9666666666666667,COMPLETE,0.9666666666666667,0.0026166298301275944,127
9,0.0888888888888889,03:02.8,03:21.3,0 days 00:00:18.572325,0.8187787356776066,0.012413189635294229,7,36,691,165,0.9658611176861261,0.0001778010520878397,0.864803089169032,691,0.0025565001023033847,0.9111111111111111,COMPLETE,0.9111111111111111,0.0025565001023033847,691
10,0.0444444444444444,03:21.3,03:24.0,0 days 00:00:02.636395,0.5075634079566923,0.028477486830279893,3,56,818,242,0.003327054963436227,2.6701270073566428e-08,0.8036901462240623,349,0.001630649649058514,0.9555555555555556,COMPLETE,0.9555555555555556,0.001630649649058514,349
11,0.033333333333333326,03:24.0,03:31.1,0 days 00:00:07.113741,0.860243088803257,0.033572981767512514,9,53,978,45,0.0029151336209232927,9.6138118850759,0.9803217360840014,367,0.0017341089494544,0.9666666666666667,COMPLETE,0.9666666666666667,0.0017341089494544,367
12,0.06666666666666665,03:31.1,03:34.0,0 days 00:00:02.928864,0.8747008888024849,0.18786584377488053,5,8,1974,213,8.80532271108504,1.1114584658963418e-05,0.9603985157526262,99,0.0016901142597861027,0.9333333333333333,COMPLETE,0.9333333333333333,0.0016901142597861027,99
13,0.022222222222222254,03:34.0,03:41.8,0 days 00:00:07.749076,0.6207774664901698,0.038998377344405394,9,40,1172,69,0.008457008200117648,0.007988299391122578,0.8394477787680695,363,0.0028285691110755766,0.9777777777777777,COMPLETE,0.9777777777777777,0.0028285691110755766,363
14,0.05555555555555558,03:41.8,03:55.3,0 days 00:00:13.546000,0.5959217742292199,0.024427595194940532,11,44,726,70,0.004633011838829117,0.0077032212748421435,0.8099785701943512,726,0.002471636891268265,0.9444444444444444,COMPLETE,0.9444444444444444,0.002471636891268265,726
15,0.11111111111111116,03:55.3,03:58.0,0 days 00:00:02.679046,0.6185881625232764,0.03953710986810205,9,66,120,66,9.869597802823101e-05,1.6502042077916268e-05,0.89629280537741,120,0.0024988966569449117,0.8888888888888888,COMPLETE,0.8888888888888888,0.0024988966569449117,120
16,0.09999999999999998,03:58.0,04:02.1,0 days 00:00:04.099173,0.5534205971854996,0.12189734380117233,11,42,1379,69,0.034888537624130564,0.011113746951268615,0.7408345765476048,181,0.00404464829846508,0.9,COMPLETE,0.9,0.00404464829846508,181
17,0.0444444444444444,04:02.1,04:04.3,0 days 00:00:02.250538,0.6428673871148558,0.0454003744102823,4,65,958,19,0.0004942238600958185,2.9693325879959136e-06,0.7372081575599765,188,0.002166886655171298,0.9555555555555556,COMPLETE,0.9555555555555556,0.002166886655171298,188
18,0.1777777777777778,04:04.3,04:23.3,0 days 00:00:18.924432,0.7819873495107165,0.020038260312712823,8,6,1531,85,0.0001402154720337061,5.698099248349357e-05,0.8280219172107682,229,0.003076841710243645,0.8222222222222222,COMPLETE,0.8222222222222222,0.003076841710243645,229
19,0.12222222222222223,04:23.3,04:28.4,0 days 00:00:05.098221,0.5540685111412167,0.17771986659368127,12,33,1731,51,0.03149403720088413,2.455918006464903e-08,0.671866595662659,219,0.003306116380471876,0.8777777777777778,COMPLETE,0.8777777777777778,0.003306116380471876,219
20,0.0888888888888889,04:28.4,04:30.0,0 days 00:00:01.685256,0.6597273311745191,0.07877041521959989,5,97,1049,140,1.2722974438529106e-08,0.028214456422822446,0.9192935333529578,89,0.0034984670051838476,0.9111111111111111,COMPLETE,0.9111111111111111,0.0034984670051838476,89
21,0.033333333333333326,04:30.0,04:35.7,0 days 00:00:05.659430,0.7523571380476008,0.05529786646969247,7,17,1209,201,0.7889902890503059,4.624047915938878,0.7773720501290479,270,0.0020187943747470506,0.9666666666666667,COMPLETE,0.9666666666666667,0.0020187943747470506,270
22,0.1333333333333333,04:35.7,04:41.6,0 days 00:00:05.881252,0.9258098874802065,0.09044969777292018,8,28,1133,122,0.35105887447955236,0.06527043795945993,0.937476275510738,213,0.0027833550514034353,0.8666666666666667,COMPLETE,0.8666666666666667,0.0027833550514034353,213
23,0.033333333333333326,04:41.6,04:47.4,0 days 00:00:05.802457,0.5028969328823933,0.04960227722941243,5,44,866,41,4.130867764433537,0.0012660121517462433,0.9975247694144274,580,0.0023693004709151116,0.9666666666666667,COMPLETE,0.9666666666666667,0.0023693004709151116,580
24,0.06666666666666665,04:47.4,04:55.5,0 days 00:00:08.093711,0.5708123959337652,0.07185412765038134,7,15,596,99,0.011208775338397299,1.8523152554240117,0.8598307706331794,495,0.001995152161773456,0.9333333333333333,COMPLETE,0.9333333333333333,0.001995152161773456,495
25,0.12222222222222223,04:55.5,05:14.3,0 days 00:00:18.848151,0.9349484966530826,0.019194309163804466,10,27,1382,156,2.404860133689969,1.8600510981738537e-07,0.7246959009207872,332,0.003095230964050221,0.8777777777777778,COMPLETE,0.8777777777777778,0.003095230964050221,332
26,0.05555555555555558,05:14.3,05:16.1,0 days 00:00:01.793069,0.8033123998272323,0.15850121616618734,4,40,1127,239,0.14095422625146456,0.00012937517960662337,0.8735846489454148,90,0.0019087654104737145,0.9444444444444444,COMPLETE,0.9444444444444444,0.0019087654104737145,90
27,0.1444444444444445,05:16.1,05:25.6,0 days 00:00:09.474410,0.6282315489756138,0.033486688836412405,8,13,882,187,8.413245399375432e-06,0.06683654564799847,0.7858925152837152,177,0.003123317495385434,0.8555555555555555,COMPLETE,0.8555555555555555,0.003123317495385434,177
28,0.033333333333333326,05:25.6,05:28.0,0 days 00:00:02.442085,0.7215514614076,0.09905806655974812,6,49,1329,82,0.0010530482857030587,0.6369435376952177,0.706006958613894,105,0.002473644740822951,0.9666666666666667,COMPLETE,0.9666666666666667,0.002473644740822951,105
29,0.25555555555555554,05:28.0,05:36.6,0 days 00:00:08.565166,0.8623772609330317,0.06272060577736852,15,20,1063,116,0.48339848293388055,0.0025244715620066104,0.619720671481651,69,0.0035048214363843475,0.7444444444444445,COMPLETE,0.7444444444444445,0.0035048214363843475,69
30,0.05555555555555558,05:36.6,05:38.1,0 days 00:00:01.523731,0.5356872257473972,0.13488959138550238,4,29,1208,31,0.032984600555449266,0.0063301015477299355,0.7653262381999234,87,0.0025846369800581466,0.9444444444444444,COMPLETE,0.9444444444444444,0.0025846369800581466,87
31,0.1333333333333333,05:38.1,05:40.4,0 days 00:00:02.305432,0.9992483437747104,0.06202490872215823,6,94,144,104,0.09454845831991181,3.1810614215650095e-07,0.6319522920393433,66,0.0032147571393582094,0.8666666666666667,COMPLETE,0.8666666666666667,0.0032147571393582094,66
32,0.033333333333333326,05:40.4,05:45.0,0 days 00:00:04.560483,0.9326256258682164,0.040960535042530374,6,86,428,93,0.9200250551533954,2.5319575372084485e-06,0.8297648269074978,223,0.002462989637612131,0.9666666666666667,COMPLETE,0.9666666666666667,0.002462989637612131,223
33,0.2222222222222222,05:45.0,05:45.9,0 days 00:00:00.900011,0.9014468373896856,0.28173797420728725,3,71,290,60,0.2065489402076617,1.8890217524044146e-06,0.5743989553728197,21,0.003774419556627054,0.7777777777777778,COMPLETE,0.7777777777777778,0.003774419556627054,21
34,0.21111111111111114,05:45.9,05:51.1,0 days 00:00:05.206128,0.9718136860360028,0.06577759260987597,7,22,578,122,2.342779046001607,7.379396764438446e-08,0.5783494173259321,73,0.003212711916720478,0.7888888888888889,COMPLETE,0.7888888888888889,0.003212711916720478,73
35,0.09999999999999998,05:51.1,05:56.4,0 days 00:00:05.288051,0.5951904594963165,0.08978380853991941,10,35,1617,144,0.012312255900287188,3.1179665529489585e-05,0.5099158077871763,212,0.003219787110988033,0.9,COMPLETE,0.9,0.003219787110988033,212
36,0.07777777777777772,05:56.4,05:58.6,0 days 00:00:02.234908,0.9737371394717561,0.225855245894557,5,60,247,179,0.10013281114432679,0.0006815031586183552,0.9249075208307651,99,0.0020169529707400884,0.9222222222222223,COMPLETE,0.9222222222222223,0.0020169529707400884,99
37,0.0444444444444444,05:58.6,06:03.4,0 days 00:00:04.807288,0.7052068389768015,0.05191281468229813,8,73,721,111,2.415033586545883,4.912158877253041e-07,0.6399081830761646,230,0.002383368631376834,0.9555555555555556,COMPLETE,0.9555555555555556,0.002383368631376834,230
38,0.05555555555555558,06:03.4,06:05.2,0 days 00:00:01.723536,0.8422284547025105,0.10761964521524801,4,88,1310,82,9.325851928465948,1.2658740435375874e-08,0.6958051273130527,94,0.002468050555831261,0.9444444444444444,COMPLETE,0.9444444444444444,0.002468050555831261,94
39,0.25555555555555554,06:05.2,06:19.3,0 days 00:00:14.156636,0.7714061118928156,0.036810486477821175,9,12,555,131,2.898248999097161e-05,4.942630877212084e-06,0.9587344104218783,143,0.0033027702409736694,0.7444444444444445,COMPLETE,0.7444444444444445,0.0033027702409736694,143
40,0.09999999999999998,06:19.3,06:30.4,0 days 00:00:11.024126,0.9044129808691628,0.029304911929236486,6,23,1817,171,0.011918981812919031,8.505265417553461e-07,0.8913598385144379,488,0.0027974871298502126,0.9,COMPLETE,0.9,0.0027974871298502126,488
41,0.06666666666666665,06:30.4,06:32.3,0 days 00:00:01.899324,0.6641793579198341,0.12844875672049846,13,80,1492,22,2.9450105969817304e-08,0.7978228851281294,0.5509279500114839,36,0.0029451380897436187,0.9333333333333333,COMPLETE,0.9333333333333333,0.0029451380897436187,36
42,0.0444444444444444,06:32.3,06:35.9,0 days 00:00:03.680126,0.6817899623496502,0.07811833378607125,13,79,1452,53,3.883588227126541e-08,0.10036351396004879,0.532608666390279,133,0.0024181911778089807,0.9555555555555556,COMPLETE,0.9555555555555556,0.0024181911778089807,133
43,0.022222222222222254,06:35.9,06:39.9,0 days 00:00:03.967210,0.6162047954369254,0.05550577422563181,11,87,1583,29,5.392267745505133e-07,0.2262132467929041,0.5975370897848504,144,0.0022485885420112524,0.9777777777777777,COMPLETE,0.9777777777777777,0.0022485885420112524,144
44,0.05555555555555558,06:39.9,06:43.0,0 days 00:00:03.108428,0.5254577986105613,0.05680977153496662,11,90,1596,75,2.1453860386839793e-06,2.2703591637126723,0.5945404271668159,126,0.002560449063396286,0.9444444444444444,COMPLETE,0.9444444444444444,0.002560449063396286,126
45,0.06666666666666665,06:43.0,06:48.8,0 days 00:00:05.777322,0.6112114968187569,0.04187989600304478,9,58,1991,34,7.001090491278313e-07,0.028391174164558244,0.6078621725859399,231,0.0027027661182137445,0.9333333333333333,COMPLETE,0.9333333333333333,0.0027027661182137445,231
46,0.12222222222222223,06:48.8,06:51.6,0 days 00:00:02.848299,0.8403182023543369,0.04676099471300676,7,100,800,152,0.06713531090912171,0.2259106404447199,0.509519583576581,80,0.0039120944258824635,0.8777777777777778,COMPLETE,0.8777777777777778,0.0039120944258824635,80
47,0.06666666666666665,06:51.6,07:02.3,0 days 00:00:10.680424,0.5855625842607215,0.024556809742871416,11,51,1883,97,2.477516959923969e-07,0.0002934113429260466,0.6524063523067218,444,0.0023261957469751285,0.9333333333333333,COMPLETE,0.9333333333333333,0.0023261957469751285,444
48,0.12222222222222223,07:02.3,07:09.7,0 days 00:00:07.367636,0.7306186043671236,0.07083311775817981,10,32,918,61,0.0016500536292103133,1.0412750521519361e-07,0.8407603555876964,249,0.002637063725213745,0.8777777777777778,COMPLETE,0.8777777777777778,0.002637063725213745,249
49,0.05555555555555558,07:09.7,07:15.9,0 days 00:00:06.166159,0.5266527717682082,0.030074961419144567,12,70,1020,90,1.256789456032144,6.718640232064332,0.5677114235355074,299,0.0017070616869436178,0.9444444444444444,COMPLETE,0.9444444444444444,0.0017070616869436178,299
50,0.0888888888888889,07:15.9,07:18.0,0 days 00:00:02.166827,0.5622704028076865,0.08828260853821314,12,84,1727,74,0.2798066889081733,0.024486541913705948,0.8024969161428376,54,0.0024223329795284992,0.9111111111111111,COMPLETE,0.9111111111111111,0.0024223329795284992,54
51,0.0888888888888889,07:18.0,07:20.1,0 days 00:00:02.077220,0.6534106662665269,0.150115591722322,14,78,1440,19,4.3801131476361776e-08,0.6013019806780135,0.5536584865095786,45,0.002076867901741742,0.9111111111111111,COMPLETE,0.9111111111111111,0.002076867901741742,45
52,0.033333333333333326,07:20.1,07:22.5,0 days 00:00:02.403731,0.6330367811729433,0.10566489936087466,14,91,1572,30,1.8343200758865698e-07,1.558547612807437,0.5413618674647991,65,0.002488566754250909,0.9666666666666667,COMPLETE,0.9666666666666667,0.002488566754250909,65
53,0.0444444444444444,07:22.5,07:26.8,0 days 00:00:04.266234,0.6792932425790231,0.060335110757397455,13,83,1270,45,1.3925138845880695e-07,0.14267266184902633,0.5189449143324237,161,0.0020358828364130067,0.9555555555555556,COMPLETE,0.9555555555555556,0.0020358828364130067,161
54,0.1333333333333333,07:26.8,07:28.8,0 days 00:00:02.037070,0.7025836057710574,0.07479949154065008,5,76,1164,15,0.00011954568761767059,0.2930817514491716,0.5881635499200866,74,0.002211135478837557,0.8666666666666667,COMPLETE,0.8666666666666667,0.002211135478837557,74
55,0.06666666666666665,07:28.8,07:34.0,0 days 00:00:05.150136,0.6020546797840346,0.04990799556802302,9,64,1392,218,1.1280110923438747e-06,2.7991938835635986,0.5004578881309407,245,0.0026289040686598444,0.9333333333333333,COMPLETE,0.9333333333333333,0.0026289040686598444,245
56,0.033333333333333326,07:34.0,07:35.5,0 days 00:00:01.512824,0.5792715970073427,0.11752538785579163,3,47,1670,53,1.132118255818993e-05,0.012160276242919222,0.6779851252245144,112,0.002235640880006389,0.9666666666666667,COMPLETE,0.9666666666666667,0.002235640880006389,112
57,0.11111111111111116,07:35.5,07:39.1,0 days 00:00:03.607363,0.747770491223963,0.21914755037238556,11,9,1089,39,0.00027562323319401343,0.3860273517376896,0.7181763047220949,49,0.0025960484828399686,0.8888888888888888,COMPLETE,0.8888888888888888,0.0025960484828399686,49
58,0.05555555555555558,07:39.1,07:50.4,0 days 00:00:11.294384,0.9486685323954551,0.03762846268464928,8,40,969,26,0.004927378678527796,7.610727742711951e-06,0.988891847074983,514,0.0019204296257051712,0.9444444444444444,COMPLETE,0.9444444444444444,0.0019204296257051712,514
59,0.21111111111111114,07:50.4,07:56.7,0 days 00:00:06.339910,0.8899019334193683,0.08643323759573583,7,5,669,129,3.862450234109989e-05,0.0038263938199971427,0.7545551788516998,56,0.0032506562689205956,0.7888888888888889,COMPLETE,0.7888888888888889,0.0032506562689205956,56
60,0.09999999999999998,07:56.7,08:04.8,0 days 00:00:08.113924,0.6202883265341345,0.09851575154409266,15,16,1245,65,4.535894225640652,1.112468046165388e-06,0.5602762717751393,181,0.0028181533365391866,0.9,COMPLETE,0.9,0.0028181533365391866,181
61,0.0444444444444444,08:04.8,08:12.2,0 days 00:00:07.327266,0.7909981738997103,0.03324437203198329,8,53,808,47,0.0009175332741032849,5.1670979502237815,0.9699147062974962,360,0.0018616442043069806,0.9555555555555556,COMPLETE,0.9555555555555556,0.0018616442043069806,360
62,0.1444444444444445,08:12.2,08:16.2,0 days 00:00:04.065060,0.8242300658575159,0.025446969507122753,10,95,1167,39,0.005920332806804723,9.661324818236775,0.9526337005182565,179,0.002239363832698093,0.8555555555555555,COMPLETE,0.8555555555555555,0.002239363832698093,179
63,0.06666666666666665,08:16.2,08:30.9,0 days 00:00:14.653939,0.8653760538467361,0.015236445810484897,9,19,981,57,0.039641773005455155,1.328556889445141,0.9805315029611376,326,0.002663398895774706,0.9333333333333333,COMPLETE,0.9333333333333333,0.002663398895774706,326
64,0.0888888888888889,08:30.9,08:39.6,0 days 00:00:08.750958,0.5433963680226367,0.04446379207543972,12,26,467,255,0.022735119267692925,0.8659064479563191,0.9200433839328366,265,0.00251471375864423,0.9111111111111111,COMPLETE,0.9111111111111111,0.00251471375864423,265
65,0.05555555555555558,08:39.6,08:44.9,0 days 00:00:05.259014,0.636386535656689,0.03345172524892365,4,38,1330,196,0.002007030728374824,3.3181738234277454,0.9001828305423485,452,0.002776537313239782,0.9444444444444444,COMPLETE,0.9444444444444444,0.002776537313239782,452
66,0.12222222222222223,08:44.9,09:05.3,0 days 00:00:20.410081,0.9488870521047462,0.021396416332045354,9,30,1525,74,0.47600778922273207,0.001127228364532097,0.8713939695079198,457,0.0030026671135824595,0.8777777777777778,COMPLETE,0.8777777777777778,0.0030026671135824595,457
67,0.033333333333333326,09:05.3,09:09.8,0 days 00:00:04.528585,0.7596072925920622,0.06668891898083906,10,74,879,85,1.4086447271214186,8.1285683036055e-05,0.9446422073691904,152,0.0026223792543270726,0.9666666666666667,COMPLETE,0.9666666666666667,0.0026223792543270726,152
68,0.05555555555555558,09:09.8,09:14.5,0 days 00:00:04.663478,0.9922895413861379,0.0570760465796977,6,81,1112,107,1.0766883547471787e-08,0.06102148976428458,0.5256997727832066,170,0.0025074369950078747,0.9444444444444444,COMPLETE,0.9444444444444444,0.0025074369950078747,170
69,0.033333333333333326,09:14.5,09:20.7,0 days 00:00:06.224601,0.9134396334281589,0.05217739090353355,8,68,1026,26,0.0005375704727002343,2.1464188839246913e-05,0.6127181796344539,247,0.0024467945915124193,0.9666666666666667,COMPLETE,0.9666666666666667,0.0024467945915124193,247
70,0.06666666666666665,09:20.7,09:27.5,0 days 00:00:06.819111,0.882339942040852,0.0453682939731949,7,45,647,37,4.201410088993094e-07,0.43320761965902266,0.8518374799357336,289,0.002320325961499091,0.9333333333333333,COMPLETE,0.9333333333333333,0.002320325961499091,289
71,0.05555555555555558,09:27.5,09:31.6,0 days 00:00:04.045884,0.6647110619533276,0.055131264105230095,5,16,1215,196,0.6124205981926371,3.8315389881714315,0.8124011519127756,225,0.0022075636114956263,0.9444444444444444,COMPLETE,0.9444444444444444,0.0022075636114956263,225
72,0.033333333333333326,09:31.6,09:34.8,0 days 00:00:03.256866,0.7307935171311511,0.14198677887501582,7,18,765,220,2.3383349925866144,1.3994608013564216,0.775880384902058,95,0.0028953540059599736,0.9666666666666667,COMPLETE,0.9666666666666667,0.0028953540059599736,95
73,0.11111111111111116,09:34.8,09:46.8,0 days 00:00:11.998534,0.6838215179899018,0.010452622019099862,6,11,356,66,0.26235265849241785,0.160174001187588,0.7326205735548881,356,0.003093736288931686,0.8888888888888888,COMPLETE,0.8888888888888888,0.003093736288931686,356
74,0.033333333333333326,09:46.8,09:57.7,0 days 00:00:10.834540,0.8140081948269621,0.039646561670901845,8,25,1282,210,7.768615987190736e-08,7.1675480931634885,0.9960259762887904,506,0.0016492328857384796,0.9666666666666667,COMPLETE,0.9666666666666667,0.0016492328857384796,506
75,0.0444444444444444,09:57.7,10:05.7,0 days 00:00:07.985255,0.713722565062969,0.035739869620545116,5,23,1411,163,0.06747610009125406,2.5422014627263705e-07,0.7992476664770491,542,0.0016927376240102405,0.9555555555555556,COMPLETE,0.9555555555555556,0.0016927376240102405,542
76,0.05555555555555558,10:05.7,10:09.3,0 days 00:00:03.661772,0.6456458019551234,0.08118058090091845,9,61,1343,173,0.1478420937329731,0.9515581256560813,0.974081214193732,153,0.0023719256453485433,0.9444444444444444,COMPLETE,0.9444444444444444,0.0023719256453485433,153
77,0.1444444444444445,10:09.3,10:12.5,0 days 00:00:03.149524,0.5016566259384136,0.17037939494598797,6,14,920,206,5.4060559551488705,4.468240281027289e-08,0.6946139083194943,129,0.002592085723352486,0.8555555555555555,COMPLETE,0.8555555555555555,0.002592085723352486,129
78,0.05555555555555558,10:12.5,10:14.3,0 days 00:00:01.816440,0.850250854297832,0.06925862629610781,3,86,1150,235,0.02045563008719711,4.308929075072968,0.7516953995057871,130,0.00183387247700888,0.9444444444444444,COMPLETE,0.9444444444444444,0.00183387247700888,130
79,0.0888888888888889,10:14.3,10:23.8,0 days 00:00:09.501319,0.9560578258229504,0.062693713857789,10,36,1667,47,0.7459608154402195,0.04445140171800825,0.6639637333024273,296,0.002419416893278643,0.9111111111111111,COMPLETE,0.9111111111111111,0.002419416893278643,296
80,0.15555555555555556,10:23.8,10:26.8,0 days 00:00:03.035723,0.7963812850091668,0.04747901694005889,11,92,1802,190,0.008529813717134543,0.5124567013429542,0.8917147781044852,89,0.00304959867055406,0.8444444444444444,COMPLETE,0.8444444444444444,0.00304959867055406,89
81,0.05555555555555558,10:26.8,10:30.7,0 days 00:00:03.880042,0.5073641383906237,0.0417602925392481,5,55,872,42,4.079215195388786,0.0011367602844095446,0.9939990742806741,272,0.002233057505383971,0.9444444444444444,COMPLETE,0.9444444444444444,0.002233057505383971,272
82,0.05555555555555558,10:30.7,10:35.2,0 days 00:00:04.467174,0.5255848117163125,0.05142949612897497,4,43,1052,17,1.5099030157051796,0.00019952647826311626,0.9641971849817845,475,0.002260977619326207,0.9444444444444444,COMPLETE,0.9444444444444444,0.002260977619326207,475
83,0.07777777777777772,10:35.2,10:37.4,0 days 00:00:02.225393,0.5477685559872286,0.11164008835004485,5,40,209,31,7.068926181377202,0.002417820413809127,0.9311727835845474,117,0.0035687542716706534,0.9222222222222223,COMPLETE,0.9222222222222223,0.0035687542716706534,117
84,0.11111111111111116,10:37.4,10:48.9,0 days 00:00:11.516027,0.7768881542612273,0.02966584860198666,6,33,1003,147,3.069614499220958,0.013862184034201985,0.9404449121222027,613,0.002449585401709782,0.8888888888888888,COMPLETE,0.8888888888888888,0.002449585401709782,613
85,0.0888888888888889,10:48.9,10:53.3,0 days 00:00:04.404536,0.5747605927080978,0.05928157917482598,7,47,1206,77,2.2089911293369814e-08,2.095418551714266,0.8209103637425192,245,0.0028511158905288056,0.9111111111111111,COMPLETE,0.9111111111111111,0.0028511158905288056,245
86,0.011111111111111072,10:53.3,10:57.1,0 days 00:00:03.799995,0.5615106902054011,0.04324630235001179,7,87,1077,100,1.6527622252518726,0.000539928100775158,0.7869427835213865,215,0.0025641298224625265,0.9888888888888889,COMPLETE,0.9888888888888889,0.0025641298224625265,215
87,0.033333333333333326,10:57.1,10:59.2,0 days 00:00:02.101203,0.5555613063564678,0.09655276545133976,7,86,1090,101,0.0030341547786270663,0.00047510140048365586,0.78293027391024,90,0.0023778608412865494,0.9666666666666667,COMPLETE,0.9666666666666667,0.0023778608412865494,90
88,0.0444444444444444,10:59.2,11:04.1,0 days 00:00:04.893364,0.6146403472184846,0.02768499108478006,8,98,1507,120,0.36936402706005966,0.10032511966994401,0.5423477457692909,274,0.0027661680321761388,0.9555555555555556,COMPLETE,0.9555555555555556,0.0027661680321761388,274
89,0.05555555555555558,11:04.1,11:06.7,0 days 00:00:02.582485,0.6035137553023558,0.0826202754980448,13,83,1466,93,1.0255416551973089,9.724679973586888,0.769095269975513,89,0.001964264146413731,0.9444444444444444,COMPLETE,0.9444444444444444,0.001964264146413731,89
90,0.15555555555555556,11:06.7,11:15.7,0 days 00:00:08.964292,0.5652365038383778,0.0434158559938682,8,11,918,86,0.1869470607546468,1.8370411766360015e-06,0.7930610411682928,119,0.0032268688836055597,0.8444444444444444,COMPLETE,0.8444444444444444,0.0032268688836055597,119
91,0.07777777777777772,11:15.7,11:18.2,0 days 00:00:02.550006,0.5135312851602436,0.04863767555087192,7,88,833,58,1.7828074645066465,0.003835262988910387,0.9838140893594329,112,0.0028488257731838075,0.9222222222222223,COMPLETE,0.9222222222222223,0.0028488257731838075,112
92,0.022222222222222254,11:18.2,11:21.7,0 days 00:00:03.422944,0.5888985656659621,0.05323275419364869,4,21,1118,112,0.6721811671701516,4.7226755965682026e-05,0.7615660024102348,277,0.0017378136223981217,0.9777777777777777,COMPLETE,0.9777777777777777,0.0017378136223981217,277
93,0.011111111111111072,11:21.7,11:24.5,0 days 00:00:02.817880,0.6256711917031395,0.05438510293170629,4,20,1190,114,0.6500927070578151,5.0507368017103944e-06,0.7394521655839935,199,0.0017486554946102362,0.9888888888888889,COMPLETE,0.9888888888888889,0.0017486554946102362,199
94,0.022222222222222254,11:24.5,11:28.9,0 days 00:00:04.416027,0.5927252063294485,0.03715329759309425,3,21,1071,109,0.06662479708076756,3.4807095442288256e-05,0.7198783999694571,602,0.0015327047698436762,0.9777777777777777,COMPLETE,0.9777777777777777,0.0015327047698436762,602
95,0.033333333333333326,11:28.9,11:32.2,0 days 00:00:03.329996,0.5825955357893715,0.037878386285967146,3,24,1167,106,0.11516524194786598,4.77550558099246e-05,0.7222580194409752,416,0.001481117954778867,0.9666666666666667,COMPLETE,0.9666666666666667,0.001481117954778867,416
96,0.022222222222222254,11:32.2,11:34.6,0 days 00:00:02.412402,0.5926638459594689,0.07530853900465766,4,20,1095,114,0.05298971722914335,5.243663198868301e-06,0.742956045827113,169,0.0020316968214553737,0.9777777777777777,COMPLETE,0.9777777777777777,0.0020316968214553737,169
97,0.022222222222222254,11:34.6,11:36.8,0 days 00:00:02.190685,0.5917766857191975,0.07413343231548544,4,22,1063,110,0.05090369661792372,4.650064278351207e-06,0.7426240585414882,141,0.002179816899524059,0.9777777777777777,COMPLETE,0.9777777777777777,0.002179816899524059,141
98,0.05555555555555558,11:36.8,11:39.2,0 days 00:00:02.373592,0.5897412253488546,0.07647917159143663,4,22,1069,113,0.49216236454319306,8.682269655917432e-06,0.7429286907467988,171,0.0020301178542395824,0.9444444444444444,COMPLETE,0.9444444444444444,0.0020301178542395824,171
99,0.033333333333333326,11:39.2,11:42.4,0 days 00:00:03.229332,0.6239961257745704,0.05376526660282842,4,21,940,129,0.048749538172816784,4.048986812914918e-06,0.7600619513991796,251,0.0018097625468611964,0.9666666666666667,COMPLETE,0.9666666666666667,0.0018097625468611964,251
100,0.0444444444444444,11:42.4,11:45.6,0 days 00:00:03.134929,0.6031002976520394,0.07224746327275867,4,30,1125,124,0.023155047097111355,1.4385934063891853e-05,0.7113573042654419,271,0.0019291019231380399,0.9555555555555556,COMPLETE,0.9555555555555556,0.0019291019231380399,271
101,0.033333333333333326,11:45.6,11:48.1,0 days 00:00:02.519697,0.5388671010249325,0.06695663188820308,3,19,1193,112,0.082965959806905,5.707507253895814e-06,0.7396797535067898,214,0.0017956441033918401,0.9666666666666667,COMPLETE,0.9666666666666667,0.0017956441033918401,214
102,0.022222222222222254,11:48.1,11:50.3,0 days 00:00:02.182294,0.5942248362734581,0.06341514248562671,3,27,1040,99,0.19605462772376525,4.928290638449418e-07,0.6960992296372128,219,0.001683712832211941,0.9777777777777777,COMPLETE,0.9777777777777777,0.001683712832211941,219
103,0.033333333333333326,11:50.3,11:52.3,0 days 00:00:02.083400,0.5690224251475051,0.0605509472702031,3,27,1016,97,0.23552112187036348,3.135646316750905e-05,0.6939292690551827,186,0.00183373084905538,0.9666666666666667,COMPLETE,0.9666666666666667,0.00183373084905538,186
104,0.022222222222222254,11:52.3,11:55.4,0 days 00:00:03.077849,0.5934164552437962,0.05644891807892284,4,17,1098,137,0.3545970109677592,4.865307545217032e-07,0.7349055092329926,219,0.001793061021116645,0.9777777777777777,COMPLETE,0.9777777777777777,0.001793061021116645,219
105,0.033333333333333326,11:55.4,11:58.6,0 days 00:00:03.222266,0.5930911118195792,0.05588727665127411,4,15,1097,137,0.16379199230908348,1.315982196976155e-06,0.7314638289444839,240,0.001741794120650022,0.9666666666666667,COMPLETE,0.9666666666666667,0.001741794120650022,240
106,0.0444444444444444,11:58.6,12:00.8,0 days 00:00:02.170375,0.603866245581077,0.0637719711540188,3,18,1049,118,0.3176226465017154,6.587821483561574e-07,0.7058385167283074,222,0.0018189850079312557,0.9555555555555556,COMPLETE,0.9555555555555556,0.0018189850079312557,222
107,0.0444444444444444,12:00.8,12:04.4,0 days 00:00:03.579972,0.6143185972390768,0.032198333061647474,3,7,990,108,0.7560178115612759,3.052902302266278e-06,0.7484225724510332,400,0.0015058848958541633,0.9555555555555556,COMPLETE,0.9555555555555556,0.0015058848958541633,400
108,0.05555555555555558,12:04.4,12:07.9,0 days 00:00:03.482642,0.638447004936646,0.046954623205672584,4,20,1261,126,0.01576534662475376,0.0001137165622036676,0.7579581697982497,268,0.0016220513181927742,0.9444444444444444,COMPLETE,0.9444444444444444,0.0016220513181927742,268
109,0.0444444444444444,12:07.9,12:11.7,0 days 00:00:03.827149,0.5616992471455444,0.035998405539506784,4,28,1132,102,0.03632898195448551,3.3384564505335e-07,0.7656963197446234,317,0.0019748902286707165,0.9555555555555556,COMPLETE,0.9555555555555556,0.0019748902286707165,317
110,0.022222222222222254,12:11.7,12:14.4,0 days 00:00:02.647869,0.6510390311149808,0.042736473604426235,3,17,966,132,0.051115096370189836,1.6871752151207633e-07,0.7129542588958879,271,0.0015821353311025763,0.9777777777777777,COMPLETE,0.9777777777777777,0.0015821353311025763,271
111,0.033333333333333326,12:14.4,12:18.1,0 days 00:00:03.710522,0.6298893580169664,0.041360143769075465,3,13,954,92,0.07373941753535895,1.2199546530255304e-07,0.7290799063181626,395,0.0014404770824020603,0.9666666666666667,COMPLETE,0.9666666666666667,0.0014404770824020603,395
112,0.033333333333333326,12:18.1,12:21.4,0 days 00:00:03.340188,0.5834269417896283,0.043491224746688366,3,17,1036,134,0.05147793385784404,5.070749273222072e-07,0.6828053531919588,407,0.0014295180023587827,0.9666666666666667,COMPLETE,0.9666666666666667,0.0014295180023587827,407
113,0.05555555555555558,12:21.4,12:25.3,0 days 00:00:03.842440,0.5928776768785616,0.03882095247410838,4,25,1081,115,0.11332172498159304,2.1010954980965157e-06,0.7153798943593807,311,0.0022601659337950727,0.9444444444444444,COMPLETE,0.9444444444444444,0.0022601659337950727,311
114,0.033333333333333326,12:25.3,12:28.2,0 days 00:00:02.939871,0.6578136860618524,0.051164156049813635,3,21,1228,144,0.4116259577243835,1.1097473336576402e-06,0.7721620642636811,324,0.0013136062897325146,0.9666666666666667,COMPLETE,0.9666666666666667,0.0013136062897325146,324
115,0.0444444444444444,12:28.2,12:30.1,0 days 00:00:01.954266,0.6497490986388603,0.0937173174242883,4,23,841,108,0.007288816445874959,1.2041909305084456e-05,0.704086033855467,113,0.0017890102864715847,0.9555555555555556,COMPLETE,0.9555555555555556,0.0017890102864715847,113
116,0.011111111111111072,12:30.2,12:33.9,0 days 00:00:03.711994,0.5727834725542873,0.058954794536037296,4,15,969,119,1.000669243434882,1.8482538080312603e-07,0.7884179906110985,305,0.001785470483792845,0.9888888888888889,COMPLETE,0.9888888888888889,0.001785470483792845,305
117,0.07777777777777772,12:33.9,12:38.1,0 days 00:00:04.224495,0.5769982156267803,0.07370038526549487,5,9,1187,98,0.9770137801659121,2.092677964170724e-05,0.7873833530263017,239,0.0019188471775190116,0.9222222222222223,COMPLETE,0.9222222222222223,0.0019188471775190116,239
118,0.033333333333333326,12:38.1,12:41.1,0 days 00:00:03.003448,0.550458858655523,0.05798499304255334,4,12,1132,118,0.6074526972096295,3.4223373538650867e-06,0.7440237229221716,218,0.0021798104789969483,0.9666666666666667,COMPLETE,0.9666666666666667,0.0021798104789969483,218
119,0.07777777777777772,12:41.1,12:44.4,0 days 00:00:03.261361,0.6127170185640034,0.08260461310180729,5,14,898,79,0.2595731244566971,8.93095489030803e-06,0.8113100184705745,164,0.001968684729446245,0.9222222222222223,COMPLETE,0.9222222222222223,0.001968684729446245,164
120,0.0444444444444444,12:44.4,12:46.5,0 days 00:00:02.125335,0.5317070202218313,0.06539926559637264,4,31,1296,88,3.1818857795603246,3.401195850184331e-05,0.7816519025453778,131,0.001961175986235243,0.9555555555555556,COMPLETE,0.9555555555555556,0.001961175986235243,131
121,0.033333333333333326,12:46.5,12:49.2,0 days 00:00:02.688502,0.5997235664376807,0.05397418619655338,3,17,1009,124,0.17885674249524558,7.00816893887808e-08,0.7256488528264655,295,0.0015784181173655804,0.9666666666666667,COMPLETE,0.9666666666666667,0.0015784181173655804,295
122,0.0444444444444444,12:49.2,12:53.2,0 days 00:00:04.020755,0.6236204582655482,0.04589306388215709,3,21,944,132,1.5412458269033813,2.3455975717650922e-07,0.8388709631126172,518,0.001603417629394607,0.9555555555555556,COMPLETE,0.9555555555555556,0.001603417629394607,518
123,0.033333333333333326,12:53.2,12:56.5,0 days 00:00:03.273756,0.5587373765152313,0.050523452400970274,4,19,965,111,0.02534743669317663,3.814773766193593e-07,0.7380154387674003,257,0.0018141796048888174,0.9666666666666667,COMPLETE,0.9666666666666667,0.0018141796048888174,257
124,0.0444444444444444,12:56.5,12:59.0,0 days 00:00:02.532598,0.5734217744568827,0.06853944433504808,4,15,1069,120,0.05665815718930039,1.1674863556965141e-07,0.7525359663760323,174,0.0017993347616852612,0.9555555555555556,COMPLETE,0.9555555555555556,0.0017993347616852612,174
125,0.05555555555555558,12:59.0,13:01.5,0 days 00:00:02.517501,0.5871822550520047,0.05992857684048966,3,26,985,102,0.12395350417401904,1.5792756482869436e-07,0.7178985857000175,279,0.0017668176669796306,0.9444444444444444,COMPLETE,0.9444444444444444,0.0017668176669796306,279
126,0.033333333333333326,13:01.5,13:08.8,0 days 00:00:07.301475,0.6089307317615484,0.03490389291498828,5,16,1100,138,0.38557598846435703,8.971470071691981e-07,0.7636375278205481,486,0.001988585949177738,0.9666666666666667,COMPLETE,0.9666666666666667,0.001988585949177738,486
127,0.0444444444444444,13:08.8,13:12.6,0 days 00:00:03.794111,0.6332641729817646,0.04814300999249813,4,20,767,127,1.9894198632472337,5.485142660606417e-06,0.7971513893683961,245,0.0018254687914292234,0.9555555555555556,COMPLETE,0.9555555555555556,0.0018254687914292234,245
128,0.033333333333333326,13:12.6,13:19.7,0 days 00:00:07.067102,0.6687708235525519,0.040459237362289555,5,11,1039,150,1.0971910701365324,3.232148177993177e-08,0.6476077074171849,387,0.001918491649637185,0.9666666666666667,COMPLETE,0.9666666666666667,0.001918491649637185,387
129,0.05555555555555558,13:19.7,13:21.8,0 days 00:00:02.097490,0.5186470116427713,0.05516546634474237,3,23,1175,116,0.01466175734833697,1.4725775648930826e-06,0.6659749763347868,216,0.001715123733389467,0.9444444444444444,COMPLETE,0.9444444444444444,0.001715123733389467,216
130,0.011111111111111072,13:21.8,13:24.4,0 days 00:00:02.628469,0.5953524078822374,0.06279408000604245,4,18,1128,95,4.806418661605399e-06,7.348765944470576e-07,0.6899933943987344,180,0.0020607290594337594,0.9888888888888889,COMPLETE,0.9888888888888889,0.0020607290594337594,180
131,0.022222222222222254,13:24.4,13:27.4,0 days 00:00:02.957349,0.5936448681746236,0.06320127541500385,4,18,1143,105,4.731198313030895e-07,6.669375974912981e-07,0.6882347563243273,228,0.002099293192163431,0.9777777777777777,COMPLETE,0.9777777777777777,0.002099293192163431,228
132,0.0444444444444444,13:27.4,13:30.0,0 days 00:00:02.611585,0.621053133983999,0.0725821802170536,3,24,1109,92,1.8808139658428526e-05,2.0220242475344012e-07,0.7276305535013612,297,0.0014993809090069682,0.9555555555555556,COMPLETE,0.9555555555555556,0.0014993809090069682,297
133,0.033333333333333326,13:30.0,13:32.9,0 days 00:00:02.918597,0.569333460782575,0.053116314440084376,4,13,1246,96,5.7731793527857574e-06,5.632294789502986e-05,0.7068429393172936,210,0.002068796200421507,0.9666666666666667,COMPLETE,0.9666666666666667,0.002068796200421507,210
134,0.0444444444444444,13:32.9,13:36.8,0 days 00:00:03.923783,0.6063068672849313,0.0437248751477549,4,28,1046,81,1.7784884761059277e-06,4.335587216674801e-07,0.6747504415289438,333,0.002013575310663163,0.9555555555555556,COMPLETE,0.9555555555555556,0.002013575310663163,333
135,0.0444444444444444,13:36.8,13:38.7,0 days 00:00:01.857021,0.6428465319179434,0.10278368108844775,3,9,915,111,0.6367453922423681,2.3643874595648428e-06,0.7498018440299944,170,0.0019072969147430714,0.9555555555555556,COMPLETE,0.9555555555555556,0.0019072969147430714,170
136,0.033333333333333326,13:38.7,13:45.6,0 days 00:00:06.940102,0.5813511332775322,0.03181720862123588,5,17,1020,103,0.20597173398763602,6.431069624374572e-08,0.7377609854071496,427,0.0019239820013832254,0.9666666666666667,COMPLETE,0.9666666666666667,0.0019239820013832254,427
137,0.033333333333333326,13:45.6,13:48.0,0 days 00:00:02.418225,0.5434595596991838,0.07861787011698393,4,22,984,142,0.0002563983105132653,8.526952359384555e-07,0.7039982887351481,187,0.001853660395863211,0.9666666666666667,COMPLETE,0.9666666666666667,0.001853660395863211,187
138,0.033333333333333326,13:48.0,13:50.4,0 days 00:00:02.339830,0.5988017148401407,0.05940430450956384,3,20,1068,98,0.08858503387862937,8.931101736875822e-05,0.8224597383594652,243,0.0017086984447504052,0.9666666666666667,COMPLETE,0.9666666666666667,0.0017086984447504052,243
139,0.06666666666666665,13:50.4,13:54.1,0 days 00:00:03.670770,0.6168011756136217,0.08646127104761023,5,26,1357,123,0.033493805082418844,0.0002146935658123079,0.7186414460781974,247,0.0021994204699294284,0.9333333333333333,COMPLETE,0.9333333333333333,0.0021994204699294284,247
140,0.022222222222222254,13:54.1,13:56.9,0 days 00:00:02.895217,0.5889419441838738,0.04927537573487228,4,15,1900,109,1.0105477905826612,0.0005879686999607354,0.6320257070548413,180,0.0021507998751909715,0.9777777777777777,COMPLETE,0.9777777777777777,0.0021507998751909715,180
141,0.022222222222222254,13:56.9,13:59.9,0 days 00:00:02.952075,0.596526260791151,0.06436418396553335,4,18,1135,115,4.035915287061156e-07,5.732782821540077e-07,0.695644916218213,225,0.0017482309125196709,0.9777777777777777,COMPLETE,0.9777777777777777,0.0017482309125196709,225
142,0.033333333333333326,13:59.9,14:02.8,0 days 00:00:02.891310,0.5722559392818908,0.06908571076314021,4,18,1161,106,1.2626212501339125e-06,6.830513699804253e-07,0.6905150503193593,227,0.0018007604145845104,0.9666666666666667,COMPLETE,0.9666666666666667,0.0018007604145845104,227
143,0.033333333333333326,14:02.8,14:05.5,0 days 00:00:02.753711,0.6278788493623736,0.06136895127673421,4,21,1121,104,4.3469680668926597e-07,1.5358964075589136e-06,0.6866112902585251,206,0.001934031794450167,0.9666666666666667,COMPLETE,0.9666666666666667,0.001934031794450167,206
144,0.0444444444444444,14:05.5,14:08.5,0 days 00:00:02.978952,0.5612940036475251,0.05762273462746951,3,14,1204,86,9.558210897077874e-08,2.53594663855498e-07,0.7574070915225501,365,0.00168654471228285,0.9555555555555556,COMPLETE,0.9555555555555556,0.00168654471228285,365
145,0.07777777777777772,14:08.5,14:11.7,0 days 00:00:03.149564,0.5930228961121071,0.06557009598728145,5,24,1077,95,7.014311977801141e-07,6.306228782076116e-06,0.7445733528280731,176,0.0018919527336829843,0.9222222222222223,COMPLETE,0.9222222222222223,0.0018919527336829843,176
146,0.033333333333333326,14:11.7,14:13.9,0 days 00:00:02.216756,0.5814803941653529,0.07497560930636696,4,19,1159,120,2.2958614165056655e-07,3.7745269596945764e-06,0.6540818411758942,140,0.0019831551540925633,0.9666666666666667,COMPLETE,0.9666666666666667,0.0019831551540925633,140
147,0.033333333333333326,14:13.9,14:17.3,0 days 00:00:03.434909,0.6073734026932159,0.053304851771578884,3,16,950,129,0.4512384412554027,1.6398166596897895e-07,0.7763296926904993,410,0.0015472982489343173,0.9666666666666667,COMPLETE,0.9666666666666667,0.0015472982489343173,410
148,0.022222222222222254,14:17.3,14:20.7,0 days 00:00:03.417959,0.5547610019989517,0.04526605299936937,4,10,1001,90,6.787628921569922,1.7805265647542493e-05,0.7331007414637692,240,0.0021511722256742495,0.9777777777777777,COMPLETE,0.9777777777777777,0.0021511722256742495,240
149,0.0444444444444444,14:20.7,14:24.4,0 days 00:00:03.619977,0.6203847165062071,0.039497200111759695,3,13,868,101,0.32326220173023834,3.961762514199318e-07,0.7681438088567815,434,0.0014849877198064034,0.9555555555555556,COMPLETE,0.9555555555555556,0.0014849877198064034,434
150,0.06666666666666665,14:24.4,14:29.9,0 days 00:00:05.522481,0.5885030404623713,0.0567257991308318,5,33,1099,71,3.0045940573609875,0.0003344208210509746,0.8561128201990555,400,0.0020799602779549976,0.9333333333333333,COMPLETE,0.9333333333333333,0.0020799602779549976,400
151,0.022222222222222254,14:29.9,14:34.3,0 days 00:00:04.419563,0.5900270049573724,0.04987639796982491,4,15,1791,108,0.99517512382086,2.3746062075495616e-06,0.5911259182217681,389,0.0018101718647914721,0.9777777777777777,COMPLETE,0.9777777777777777,0.0018101718647914721,389
152,0.033333333333333326,14:34.3,14:37.3,0 days 00:00:03.000446,0.577604338051558,0.04851756288600468,4,17,1892,112,0.779116590610099,0.0009162325202540107,0.6224095646238419,201,0.0017677770297972047,0.9666666666666667,COMPLETE,0.9666666666666667,0.0017677770297972047,201
153,0.033333333333333326,14:37.3,14:40.2,0 days 00:00:02.872244,0.6098000509986308,0.06113264637784058,4,19,1864,109,1.4611958541197982,0.000740108086416664,0.7133820279147273,197,0.001765235071270951,0.9666666666666667,COMPLETE,0.9666666666666667,0.001765235071270951,197
154,0.033333333333333326,14:40.2,14:43.2,0 days 00:00:03.062951,0.5955748620259006,0.042509059955618635,4,22,1563,114,8.271995222457648e-05,0.0004000073747307745,0.6716289232424776,221,0.002077123175518053,0.9666666666666667,COMPLETE,0.9666666666666667,0.002077123175518053,221
155,0.033333333333333326,14:43.2,14:47.2,0 days 00:00:03.927263,0.6024257730335466,0.037254350635060586,3,15,1623,133,0.5746456870017433,0.00014257327114890574,0.6994576740867573,487,0.0015109509076573577,0.9666666666666667,COMPLETE,0.9666666666666667,0.0015109509076573577,487
156,0.033333333333333326,14:47.2,14:51.1,0 days 00:00:03.887212,0.5672435849651498,0.050185741869024386,4,20,1960,99,3.651058126530281e-06,0.0017466676979904221,0.6049051459909736,302,0.001937039074275673,0.9666666666666667,COMPLETE,0.9666666666666667,0.001937039074275673,302
157,0.033333333333333326,14:51.1,14:54.3,0 days 00:00:03.264541,0.6364563052012799,0.07060909631176301,5,17,1727,105,0.1613270764219817,1.0573089901214703e-06,0.6341330238643533,165,0.001890480458964336,0.9666666666666667,COMPLETE,0.9666666666666667,0.001890480458964336,165
158,0.19999999999999996,14:54.3,15:06.9,0 days 00:00:12.565576,0.5829510163565655,0.046000894112029046,11,12,1234,118,8.849034050199703e-07,1.0993139024104403e-05,0.7892054606664353,116,0.003181518951274898,0.8,COMPLETE,0.8,0.003181518951274898,116
159,0.0444444444444444,15:06.9,15:09.5,0 days 00:00:02.621907,0.6149131510938288,0.06463313353270751,3,25,1035,111,5.796041562160155e-08,6.784053353918475e-07,0.72471246575433,278,0.0018477497248800068,0.9555555555555556,COMPLETE,0.9555555555555556,0.0018477497248800068,278
160,0.0444444444444444,15:09.5,15:13.1,0 days 00:00:03.617850,0.5392277879714369,0.05437017670794955,12,88,1143,125,1.865096476884429,2.873725085486661e-07,0.6797657583357118,148,0.0024862512661801128,0.9555555555555556,COMPLETE,0.9555555555555556,0.0024862512661801128,148
161,0.022222222222222254,15:13.1,15:16.7,0 days 00:00:03.606654,0.5987178575328813,0.06542779348879672,4,18,1128,120,1.3932859459018296e-07,5.269992591083053e-07,0.6903968209180161,310,0.0019078189923864449,0.9777777777777777,COMPLETE,0.9777777777777777,0.0019078189923864449,310
162,0.033333333333333326,15:16.7,15:19.8,0 days 00:00:03.013872,0.5903297319368014,0.06248640974265252,4,22,1068,114,0.04135017205429652,1.8654817984480252e-06,0.7124501216056468,239,0.0020230713487653707,0.9666666666666667,COMPLETE,0.9666666666666667,0.0020230713487653707,239
163,0.022222222222222254,15:19.8,15:22.9,0 days 00:00:03.183015,0.5731367338571118,0.055875158860575876,4,18,1178,116,1.02551267391707,0.005797710895508203,0.6993013710900075,247,0.001711480105530343,0.9777777777777777,COMPLETE,0.9777777777777777,0.001711480105530343,247
164,0.0444444444444444,15:22.9,15:25.8,0 days 00:00:02.837649,0.6007482051214027,0.07698944703709004,5,15,1101,105,2.011995009915565e-07,0.000567370265128076,0.7342304169271064,130,0.00205810144215812,0.9555555555555556,COMPLETE,0.9555555555555556,0.00205810144215812,130
165,0.11111111111111116,15:25.8,15:27.5,0 days 00:00:01.727288,0.6281391076771682,0.12668845003831009,4,7,1014,156,3.1484983428672793e-07,7.599921424353456e-07,0.7485035651792726,79,0.001640926880060698,0.8888888888888888,COMPLETE,0.8888888888888888,0.001640926880060698,79
166,0.033333333333333326,15:27.5,15:30.3,0 days 00:00:02.745553,0.6123549573470449,0.069138676366258,3,19,967,93,0.09990790333976796,3.8965718635376755e-06,0.7219138930178965,318,0.001561754897189579,0.9666666666666667,COMPLETE,0.9666666666666667,0.001561754897189579,318
167,0.033333333333333326,15:30.3,15:33.7,0 days 00:00:03.467827,0.5876914224522701,0.0600368599967058,4,23,1209,101,0.24097684663404778,8.337549503587117e-08,0.7617401007734498,303,0.0016912571253085691,0.9666666666666667,COMPLETE,0.9666666666666667,0.0016912571253085691,303
168,0.05555555555555558,15:33.7,15:40.7,0 days 00:00:06.931852,0.5523468537962692,0.0511424452498256,10,50,1145,83,4.5410243214685895e-07,1.2591796181685108e-06,0.6602160448231986,320,0.002476986734165921,0.9444444444444444,COMPLETE,0.9444444444444444,0.002476986734165921,320
169,0.033333333333333326,15:40.7,15:44.0,0 days 00:00:03.343757,0.5651660712049413,0.04235156791631017,4,13,1276,139,5.92706605782851e-07,5.37090025783469e-07,0.7418747776102868,232,0.002008363470613896,0.9666666666666667,COMPLETE,0.9666666666666667,0.002008363470613896,232
170,0.011111111111111072,15:44.0,15:47.9,0 days 00:00:03.924667,0.5967526531881668,0.047596085945737686,3,21,1053,123,0.060825521898947695,3.4778870770763873e-07,0.5758927941202974,508,0.0015371757486551732,0.9888888888888889,COMPLETE,0.9888888888888889,0.0015371757486551732,508
171,0.022222222222222254,15:47.9,15:52.4,0 days 00:00:04.507306,0.5971944943868952,0.045655467518998856,3,20,1059,128,0.05013619994686593,3.1401468026023396e-07,0.5561429793453196,603,0.0016292724620283966,0.9777777777777777,COMPLETE,0.9777777777777777,0.0016292724620283966,603
172,0.033333333333333326,15:52.4,15:55.7,0 days 00:00:03.243279,0.5768343998845307,0.047805201112843386,3,16,1100,123,0.08297955224814815,2.1637850410065622e-07,0.6074571822247165,395,0.0016431031597473956,0.9666666666666667,COMPLETE,0.9666666666666667,0.0016431031597473956,395
173,0.022222222222222254,15:55.7,15:58.5,0 days 00:00:02.773661,0.6072558827672977,0.05839701510522767,4,22,1022,116,0.020417106426062946,1.2340442366233885e-07,0.5764225729525473,206,0.0017389818036943555,0.9777777777777777,COMPLETE,0.9777777777777777,0.0017389818036943555,206
174,0.033333333333333326,15:58.5,16:01.4,0 days 00:00:02.944107,0.6176475872516626,0.04013231575694669,3,17,926,108,3.0845288924839674e-07,3.6471722920467996e-07,0.5999184601840861,341,0.001506155434296076,0.9666666666666667,COMPLETE,0.9666666666666667,0.001506155434296076,341
175,0.033333333333333326,16:01.4,16:04.4,0 days 00:00:02.963735,0.5844518011697097,0.05329194874384984,4,27,1069,131,0.48420622288642623,8.853573821055058e-07,0.7555255705110008,205,0.0022822677106315243,0.9666666666666667,COMPLETE,0.9666666666666667,0.0022822677106315243,205
176,0.0444444444444444,16:04.4,16:07.2,0 days 00:00:02.800447,0.6478406789325366,0.03457693034397058,3,21,983,97,0.01051341688162043,6.604925228932897e-06,0.8070398854195235,295,0.00138201441306616,0.9555555555555556,COMPLETE,0.9555555555555556,0.00138201441306616,295
177,0.0444444444444444,16:07.2,16:09.7,0 days 00:00:02.499713,0.5957839666426484,0.06490425235951552,4,24,1137,109,1.5580105698271642e-06,0.00024140302003102654,0.7118472787629619,166,0.0018597128747610831,0.9555555555555556,COMPLETE,0.9555555555555556,0.0018597128747610831,166
178,0.033333333333333326,16:09.7,16:12.4,0 days 00:00:02.759748,0.6224119965111817,0.050798989455197084,3,36,1029,122,0.06622164796958892,1.6125780919435062e-07,0.5674995830797074,314,0.001918729967321057,0.9666666666666667,COMPLETE,0.9666666666666667,0.001918729967321057,314
179,0.022222222222222254,16:12.4,16:14.6,0 days 00:00:02.136089,0.5785043651865677,0.1155326382026864,4,19,1207,114,0.030559563439726104,5.203816697295492e-07,0.6937733303997858,146,0.002120418071565458,0.9777777777777777,COMPLETE,0.9777777777777777,0.002120418071565458,146
180,0.0888888888888889,16:14.6,16:18.3,0 days 00:00:03.697951,0.6075814342133355,0.08224566813771915,5,14,1171,134,0.1322489391828043,3.7934894602730524e-05,0.5886823689006699,209,0.001997320364860623,0.9111111111111111,COMPLETE,0.9111111111111111,0.001997320364860623,209
181,0.0444444444444444,16:18.3,16:21.7,0 days 00:00:03.431226,0.557906674788151,0.04647891592649711,4,10,1001,88,5.1799450764092265,2.1510686493347593e-05,0.7358083135091744,231,0.0018665714055352538,0.9555555555555556,COMPLETE,0.9555555555555556,0.0018665714055352538,231
182,0.05555555555555558,16:21.7,16:25.0,0 days 00:00:03.279802,0.5526799326934273,0.04322726833462642,4,10,895,91,6.773481670076649,1.64685624331298e-05,0.7307982306232508,223,0.0020201578600584874,0.9444444444444444,COMPLETE,0.9444444444444444,0.0020201578600584874,223
183,0.033333333333333326,16:25.0,16:28.1,0 days 00:00:03.138384,0.5182511012861661,0.05792015955985549,4,16,1104,104,2.7487023199492464,0.017287546232213714,0.9063502861316928,247,0.0016817241682711393,0.9666666666666667,COMPLETE,0.9666666666666667,0.0016817241682711393,247
184,0.0444444444444444,16:28.1,16:30.1,0 days 00:00:02.013946,0.5682137489191545,0.04369214949196329,4,93,1054,97,1.416028382069743,2.184046756585468e-05,0.7236809896841502,123,0.002572487030086394,0.9555555555555556,COMPLETE,0.9555555555555556,0.002572487030086394,123
185,0.0444444444444444,16:30.1,16:33.6,0 days 00:00:03.429485,0.5942506166824626,0.03925420644046039,3,5,953,102,2.6103602927790056e-06,9.362840320074615e-06,0.7748424411230854,390,0.0015099134818519593,0.9555555555555556,COMPLETE,0.9555555555555556,0.0015099134818519593,390
186,0.06666666666666665,16:33.6,16:40.1,0 days 00:00:06.554710,0.58254418493909,0.03664190025452487,5,11,993,88,0.684173862333533,9.684718599939825e-05,0.7460558865361109,367,0.0019142078951812005,0.9333333333333333,COMPLETE,0.9333333333333333,0.0019142078951812005,367
187,0.1333333333333333,16:40.1,16:52.9,0 days 00:00:12.793125,0.5355836515679127,0.05399344628332131,14,18,1072,112,0.3324495373474695,2.843205723946628e-06,0.6199218317479215,276,0.003326477568320173,0.8666666666666667,COMPLETE,0.8666666666666667,0.003326477568320173,276
188,0.033333333333333326,16:52.9,16:56.3,0 days 00:00:03.384860,0.591278532348566,0.04865426423341025,4,21,1122,119,2.3074035983200525,5.2484814240655654e-05,0.6861022799941194,251,0.0018377731654528047,0.9666666666666667,COMPLETE,0.9666666666666667,0.0018377731654528047,251
189,0.0444444444444444,16:56.3,16:59.4,0 days 00:00:03.117521,0.6024991494540413,0.0629401531976795,3,13,1030,78,4.03914084605852,1.3708444944570546e-06,0.7032242943631835,380,0.0014672134845838453,0.9555555555555556,COMPLETE,0.9555555555555556,0.0014672134845838453,380
190,0.0444444444444444,16:59.4,17:01.9,0 days 00:00:02.474012,0.5718042615092033,0.0699113512421953,4,15,848,93,8.09342730886046,4.778630257358149e-06,0.6432012954772669,147,0.0020276145267923967,0.9555555555555556,COMPLETE,0.9555555555555556,0.0020276145267923967,147
191,0.022222222222222254,17:01.9,17:05.4,0 days 00:00:03.486840,0.5885133577848527,0.05021186487089128,4,15,1093,108,0.8307705104528808,2.4768713318687473e-06,0.589553032205087,274,0.001965752854973397,0.9777777777777777,COMPLETE,0.9777777777777777,0.001965752854973397,274
192,0.0444444444444444,17:05.4,17:08.7,0 days 00:00:03.334791,0.6106405681431345,0.04467351569452045,4,18,1778,107,1.1276264160601324,2.2250651133974466e-06,0.5832631787986912,235,0.0017171793663795822,0.9555555555555556,COMPLETE,0.9555555555555556,0.0017171793663795822,235
193,0.022222222222222254,17:08.7,17:11.5,0 days 00:00:02.757634,0.5870610015658431,0.05638765826331963,4,20,1844,115,1.2415702053410496,4.869778067467137e-06,0.5701545707799968,186,0.002026234039102532,0.9777777777777777,COMPLETE,0.9777777777777777,0.002026234039102532,186
194,0.022222222222222254,17:11.5,17:14.7,0 days 00:00:03.260176,0.5625304640576785,0.04937592419059957,4,16,1885,99,0.450858019439387,1.03521799808204e-06,0.5983192654038147,248,0.001765279275682513,0.9777777777777777,COMPLETE,0.9777777777777777,0.001765279275682513,248
195,0.0888888888888889,17:14.7,17:19.2,0 days 00:00:04.455653,0.5982964829351519,0.05277168306674167,5,12,1950,126,0.8197403130027349,1.4706554597265327e-05,0.7377096475832225,217,0.001975855597438057,0.9111111111111111,COMPLETE,0.9111111111111111,0.001975855597438057,217
196,0.033333333333333326,17:19.2,17:21.8,0 days 00:00:02.580909,0.5751798572309991,0.0605736198541962,3,24,1775,105,0.22848534525603376,1.8305749772004741e-06,0.716565590808391,294,0.001751304275537987,0.9666666666666667,COMPLETE,0.9666666666666667,0.001751304275537987,294
197,0.033333333333333326,17:21.8,17:24.9,0 days 00:00:03.156285,0.6296326256664585,0.04638207683518398,4,14,1927,120,1.9316437249208869,0.0018048648425772107,0.7307303245347786,209,0.001830680065517258,0.9666666666666667,COMPLETE,0.9666666666666667,0.001830680065517258,209
198,0.033333333333333326,17:24.9,17:28.0,0 days 00:00:03.045228,0.617857433424554,0.06668692437012748,3,17,1157,112,0.3299163897616207,4.100547022730111e-07,0.7561118277593327,377,0.0014772297355400636,0.9666666666666667,COMPLETE,0.9666666666666667,0.0014772297355400636,377
199,0.0444444444444444,17:28.0,17:30.5,0 days 00:00:02.508723,0.5489346192362645,0.05702546502412001,4,63,992,110,0.044619914384822615,8.922563964123242e-06,0.8397754092231182,207,0.0019377627997662617,0.9555555555555556,COMPLETE,0.9555555555555556,0.0019377627997662617,207
