number,value,datetime_start,datetime_complete,duration,params_colsample_bytree,params_learning_rate,params_max_depth,params_min_child_samples,params_n_estimators,params_num_leaves,params_reg_alpha,params_reg_lambda,params_subsample,user_attrs_mape,user_attrs_mda,state,mda,mape
0,0.2558139534883721,2026-05-28 15:35:54.000601,2026-05-28 15:35:59.287026,0 days 00:00:05.286425,0.5290418060840998,0.1205712628744377,15,19,1238,105,0.6245760287469887,0.002570603566117596,0.5779972601681014,0.010250778958501978,0.7441860465116279,COMPLETE,0.7441860465116279,0.010250778958501978
1,0.2093023255813954,2026-05-28 15:35:59.287708,2026-05-28 15:36:02.732465,0 days 00:00:03.444757,0.5917022549267169,0.27081608642499677,3,25,1682,185,5.472429642032189e-06,0.00052821153945323,0.5909124836035503,0.009052987760658814,0.7906976744186046,COMPLETE,0.7906976744186046,0.009052987760658814
2,0.3023255813953488,2026-05-28 15:36:02.732903,2026-05-28 15:36:04.123458,0 days 00:00:01.390555,0.728034992108518,0.08012737503998542,6,33,365,119,0.11656915613247415,6.267062696005991e-07,0.6831809216468459,0.013628614359725308,0.6976744186046512,COMPLETE,0.6976744186046512,0.013628614359725308
3,0.2558139534883721,2026-05-28 15:36:04.124371,2026-05-28 15:36:13.080506,0 days 00:00:08.956135,0.9744427686266666,0.011711509955524094,10,21,1254,138,4.905556676028766,0.1886149587855396,0.5325257964926398,0.01034062529897422,0.7441860465116279,COMPLETE,0.7441860465116279,0.01034062529897422
4,0.3023255813953488,2026-05-28 15:36:13.081072,2026-05-28 15:36:15.737318,0 days 00:00:02.656246,0.5171942605576092,0.1024932221692416,4,16,936,88,1.5271567592511939,2.133142332373e-06,0.7475884550556351,0.0077745534013333945,0.6976744186046512,COMPLETE,0.6976744186046512,0.0077745534013333945
5,0.2790697674418605,2026-05-28 15:36:15.737782,2026-05-28 15:36:21.422865,0 days 00:00:05.685083,0.8875664116805573,0.05864129169696527,7,22,1139,174,2.8542399074977594,1.1309571585271492,0.9847923138822793,0.009700363472465352,0.7209302325581395,COMPLETE,0.7209302325581395,0.009700363472465352
6,0.32558139534883723,2026-05-28 15:36:21.423351,2026-05-28 15:36:27.460057,0 days 00:00:06.036706,0.6943386448447411,0.01351182947645082,14,9,472,159,2.7678419414850017e-06,0.287499823474079,0.6626651653816322,0.010619572276352553,0.6744186046511628,COMPLETE,0.6744186046511628,0.010619572276352553
7,0.41860465116279066,2026-05-28 15:36:27.460657,2026-05-28 15:36:28.422052,0 days 00:00:00.961395,0.9934434683002586,0.06333268775321839,6,82,367,100,0.08916674715636552,6.143857495033091e-07,0.5372753218398854,0.013040813065284576,0.5813953488372093,COMPLETE,0.5813953488372093,0.013040813065284576
8,0.4418604651162791,2026-05-28 15:36:28.422606,2026-05-28 15:36:31.098280,0 days 00:00:02.675674,0.6792328642721364,0.11069143219393454,13,79,1485,16,1.1036250149900698e-07,0.5860448217200526,0.5370223258670452,0.012831776573037978,0.5581395348837209,COMPLETE,0.5581395348837209,0.012831776573037978
9,0.3023255813953488,2026-05-28 15:36:31.098860,2026-05-28 15:36:34.066375,0 days 00:00:02.967515,0.8187787356776066,0.012413189635294229,7,36,691,165,0.9658611176861261,0.0001778010520878397,0.864803089169032,0.01576412901129901,0.6976744186046512,COMPLETE,0.6976744186046512,0.01576412901129901
10,0.39534883720930236,2026-05-28 15:36:34.066926,2026-05-28 15:36:37.778515,0 days 00:00:03.711589,0.6277217293825994,0.27047297227177763,3,59,1910,248,4.32747580263185e-05,0.00020590009861590298,0.8451235367845726,0.0068209205217374886,0.6046511627906976,COMPLETE,0.6046511627906976,0.0068209205217374886
11,0.34883720930232553,2026-05-28 15:36:37.779224,2026-05-28 15:36:42.790413,0 days 00:00:05.011189,0.5110175066126511,0.26817078508151854,11,52,1686,214,0.0014441715954420077,0.003918530335205842,0.6284908682843016,0.007094090348958905,0.6511627906976745,COMPLETE,0.6511627906976745,0.007094090348958905
12,0.34883720930232553,2026-05-28 15:36:42.790960,2026-05-28 15:36:48.723884,0 days 00:00:05.932924,0.5648780973751629,0.16145633711303542,15,39,1471,61,0.0006505761836305459,0.003910440683568462,0.6368719098105871,0.011987184623070343,0.6511627906976745,COMPLETE,0.6511627906976745,0.011987184623070343
13,0.34883720930232553,2026-05-28 15:36:48.724521,2026-05-28 15:37:10.688014,0 days 00:00:21.963493,0.604778229029301,0.02594475096705173,11,5,1999,216,3.6405561984731904e-06,0.006339619132612613,0.5859890951691943,0.012687228611309784,0.6511627906976745,COMPLETE,0.6511627906976745,0.012687228611309784
14,0.37209302325581395,2026-05-28 15:37:10.688918,2026-05-28 15:37:12.036230,0 days 00:00:01.347312,0.6011077254505661,0.17080659935001266,9,97,890,52,0.015936847132187043,1.864913923298407e-05,0.7466249497215665,0.012197161405770875,0.627906976744186,COMPLETE,0.627906976744186,0.012197161405770875
15,0.32558139534883723,2026-05-28 15:37:12.036764,2026-05-28 15:37:17.190566,0 days 00:00:05.153802,0.7924604677532988,0.16625944364237571,13,49,1385,197,1.3790926312136672e-08,0.027682559458258416,0.5943154140680537,0.01047378900033885,0.6744186046511628,COMPLETE,0.6744186046511628,0.01047378900033885
16,0.18604651162790697,2026-05-28 15:37:17.191107,2026-05-28 15:37:21.678800,0 days 00:00:04.487693,0.5004932902581127,0.03167502366659873,4,29,1689,134,3.154443500139822e-05,1.314053143275926e-08,0.51059520987161,0.01109909268431737,0.813953488372093,COMPLETE,0.813953488372093,0.01109909268431737
17,0.3023255813953488,2026-05-28 15:37:21.679336,2026-05-28 15:37:25.048097,0 days 00:00:03.368761,0.6601698676289585,0.03169276775760038,3,65,1718,132,2.1842674622859036e-05,1.9356843184875068e-08,0.511212850736065,0.007799778353786691,0.6976744186046512,COMPLETE,0.6976744186046512,0.007799778353786691
18,0.2558139534883721,2026-05-28 15:37:25.048561,2026-05-28 15:37:25.694034,0 days 00:00:00.645473,0.5558053206923343,0.03413032809050686,5,32,115,253,3.454343867629618e-07,1.680139910904981e-08,0.7148907845775087,0.01482503972485563,0.7441860465116279,COMPLETE,0.7441860465116279,0.01482503972485563
19,0.2093023255813954,2026-05-28 15:37:25.694579,2026-05-28 15:37:30.235033,0 days 00:00:04.540454,0.576325100764261,0.020105353253087422,4,44,1731,188,6.764551173752454e-05,2.8050448941205657e-05,0.8190247438525893,0.012481842532541091,0.7906976744186046,COMPLETE,0.7906976744186046,0.012481842532541091
20,0.2093023255813954,2026-05-28 15:37:30.235999,2026-05-28 15:37:38.176513,0 days 00:00:07.940514,0.6345626615552883,0.019866257464510248,8,27,1598,147,2.460114262930833e-06,8.80207501426475,0.9517544509454043,0.01472320358211857,0.7906976744186046,COMPLETE,0.7906976744186046,0.01472320358211857
21,0.2558139534883721,2026-05-28 15:37:38.177109,2026-05-28 15:37:42.643608,0 days 00:00:04.466499,0.5723364309043469,0.041823960584429186,4,43,1771,182,6.55459451851623e-05,2.382003994219473e-05,0.8381248217214531,0.011322651939659773,0.7441860465116279,COMPLETE,0.7441860465116279,0.011322651939659773
22,0.2558139534883721,2026-05-28 15:37:42.644239,2026-05-28 15:37:47.817627,0 days 00:00:05.173388,0.5127377490247802,0.017353811254034724,5,44,1822,195,0.002896608918035345,1.5470861364979615e-07,0.7929397514155676,0.012359107780420727,0.7441860465116279,COMPLETE,0.7441860465116279,0.012359107780420727
23,0.2790697674418605,2026-05-28 15:37:47.818210,2026-05-28 15:37:50.957080,0 days 00:00:03.138870,0.5770081878728345,0.020923077558523694,3,61,1617,225,0.000162259972897405,2.4579625687541203e-05,0.89383379986818,0.00643844702681658,0.7209302325581395,COMPLETE,0.7209302325581395,0.00643844702681658
24,0.34883720930232553,2026-05-28 15:37:50.957616,2026-05-28 15:37:57.434164,0 days 00:00:06.476548,0.730893823947458,0.046220085385196175,5,28,1988,187,1.5708241991138597e-05,0.0005539202839193393,0.5051225621630001,0.009147967039771507,0.6511627906976745,COMPLETE,0.6511627906976745,0.009147967039771507
25,0.2790697674418605,2026-05-28 15:37:57.434729,2026-05-28 15:38:01.666005,0 days 00:00:04.231276,0.6379184940717061,0.026399251375790418,4,12,1355,157,3.7330168354077543e-07,8.66456419030562e-06,0.914594259519325,0.01005496159304416,0.7209302325581395,COMPLETE,0.7209302325581395,0.01005496159304416
26,0.2325581395348837,2026-05-28 15:38:01.666590,2026-05-28 15:38:09.350535,0 days 00:00:07.683945,0.543926191656421,0.016074231421879494,6,26,1863,231,0.00021844155093953967,8.349548029162074e-08,0.7850449057506464,0.007938937463763332,0.7674418604651163,COMPLETE,0.7674418604651163,0.007938937463763332
27,0.2093023255813954,2026-05-28 15:38:09.351287,2026-05-28 15:38:12.489664,0 days 00:00:03.138377,0.5999648407295962,0.03978680060106165,3,45,1535,204,9.16592969045551e-06,0.0005372832745433803,0.7913212737738504,0.009040740580456874,0.7906976744186046,COMPLETE,0.7906976744186046,0.009040740580456874
28,0.34883720930232553,2026-05-28 15:38:12.490319,2026-05-28 15:38:15.169942,0 days 00:00:02.679623,0.7846672467138487,0.02572318290396588,4,70,1104,121,0.004349144632047987,0.052379849156623075,0.7019488590597025,0.010321701807786623,0.6511627906976745,COMPLETE,0.6511627906976745,0.010321701807786623
29,0.2790697674418605,2026-05-28 15:38:15.170795,2026-05-28 15:38:20.918187,0 days 00:00:05.747392,0.502831813760805,0.08853874505145654,7,16,1302,76,7.466044887125707e-07,7.834211232523301e-05,0.5664919730727157,0.006340817047870007,0.7209302325581395,COMPLETE,0.7209302325581395,0.006340817047870007
30,0.2093023255813954,2026-05-28 15:38:20.918712,2026-05-28 15:38:26.027517,0 days 00:00:05.108805,0.5440160023989659,0.06684570341025867,5,39,1704,176,5.505370084343336e-08,2.286959505320086e-06,0.6309758949504314,0.014544090224740267,0.7906976744186046,COMPLETE,0.7906976744186046,0.014544090224740267
31,0.2790697674418605,2026-05-28 15:38:26.028044,2026-05-28 15:38:33.785183,0 days 00:00:07.757139,0.639578232449453,0.020032451407414914,8,27,1587,143,1.911001768081451e-06,3.7531206890181834,0.9991417930830014,0.013937935209488684,0.7209302325581395,COMPLETE,0.7209302325581395,0.013937935209488684
32,0.2093023255813954,2026-05-28 15:38:33.785722,2026-05-28 15:38:41.556464,0 days 00:00:07.770742,0.6957751404673546,0.021088051625488848,8,29,1603,151,7.152161149165072e-06,9.699280431849946,0.9490174805410408,0.013542446661232811,0.7906976744186046,COMPLETE,0.7906976744186046,0.013542446661232811
33,0.2093023255813954,2026-05-28 15:38:41.557116,2026-05-28 15:38:47.999932,0 days 00:00:06.442816,0.5955176736258426,0.01624033686244588,6,20,1439,125,1.2314885820658298e-06,0.041666281070963256,0.9402670606539698,0.00949570577446004,0.7906976744186046,COMPLETE,0.7906976744186046,0.00949570577446004
34,0.2325581395348837,2026-05-28 15:38:48.000378,2026-05-28 15:38:51.613303,0 days 00:00:03.612925,0.542847374079927,0.010888207653848991,4,34,1188,109,8.327672588890342e-05,1.5170279535802745e-07,0.8268430316446683,0.013558374386372288,0.7674418604651163,COMPLETE,0.7674418604651163,0.013558374386372288
35,0.2558139534883721,2026-05-28 15:38:51.613783,2026-05-28 15:38:57.563560,0 days 00:00:05.949777,0.6193060909239817,0.0309913456733257,10,21,973,141,0.0005458311580750786,2.95565849151222e-06,0.5616179256189543,0.010403613234426973,0.7441860465116279,COMPLETE,0.7441860465116279,0.010403613234426973
36,0.2325581395348837,2026-05-28 15:38:57.564080,2026-05-28 15:39:09.766316,0 days 00:00:12.202236,0.9268381767504691,0.048828900794883785,8,13,1874,170,2.4509906193126873e-05,0.012869210997485671,0.9680109179103338,0.006659119692533153,0.7674418604651163,COMPLETE,0.7674418604651163,0.006659119692533153
37,0.2558139534883721,2026-05-28 15:39:09.766851,2026-05-28 15:39:13.640749,0 days 00:00:03.873898,0.6616904419437958,0.0362003579250812,3,23,1775,108,5.364589302626282e-06,0.0012477623121179364,0.8818495020765112,0.012066891206422898,0.7441860465116279,COMPLETE,0.7441860465116279,0.012066891206422898
38,0.34883720930232553,2026-05-28 15:39:13.641223,2026-05-28 15:39:17.232205,0 days 00:00:03.590982,0.5334017056123164,0.2078146133659907,6,55,1238,152,9.33845472900269e-08,5.341604417433999e-07,0.6597400480534246,0.010511002501533664,0.6511627906976745,COMPLETE,0.6511627906976745,0.010511002501533664
39,0.2790697674418605,2026-05-28 15:39:17.232978,2026-05-28 15:39:21.563476,0 days 00:00:04.330498,0.5803558434270785,0.07678027813442677,4,37,1664,187,0.00012319812525405673,0.1861912821697884,0.6080248154585528,0.015024354996475076,0.7209302325581395,COMPLETE,0.7209302325581395,0.015024354996475076
40,0.2558139534883721,2026-05-28 15:39:21.564120,2026-05-28 15:39:27.104121,0 days 00:00:05.540001,0.7112341773336435,0.014367648823694217,5,31,1557,91,0.011918981812919031,1.0936304934860726,0.5271559470645144,0.01428197496679904,0.7441860465116279,COMPLETE,0.7441860465116279,0.01428197496679904
41,0.2093023255813954,2026-05-28 15:39:27.104718,2026-05-28 15:39:30.159073,0 days 00:00:03.054355,0.651076785361762,0.03957155885908369,3,46,1453,204,1.0191612039916958e-05,6.570012480324105e-05,0.8021211142055771,0.010216536585685944,0.7906976744186046,COMPLETE,0.7906976744186046,0.010216536585685944
42,0.18604651162790697,2026-05-28 15:39:30.159532,2026-05-28 15:39:33.607260,0 days 00:00:03.447728,0.6146746501386932,0.02474889925605662,3,41,1526,236,2.9503282459763382e-05,0.0006350798434004275,0.769787983232609,0.012287308896280859,0.813953488372093,COMPLETE,0.813953488372093,0.012287308896280859
43,0.2790697674418605,2026-05-28 15:39:33.607798,2026-05-28 15:39:38.366466,0 days 00:00:04.758668,0.6725978968232503,0.028219548119725917,4,39,1766,237,3.597171427047518e-05,0.0008378749316545143,0.7613724880768976,0.015258166077515232,0.7209302325581395,COMPLETE,0.7209302325581395,0.015258166077515232
44,0.2325581395348837,2026-05-28 15:39:38.366902,2026-05-28 15:39:46.464016,0 days 00:00:08.097114,0.6202036646279002,0.02316388699454614,7,34,1931,217,0.0004751710066987114,0.1446846378994329,0.7499561513901866,0.011883870444326568,0.7674418604651163,COMPLETE,0.7674418604651163,0.011883870444326568
45,0.2325581395348837,2026-05-28 15:39:46.464541,2026-05-28 15:39:48.343306,0 days 00:00:01.878765,0.5266021224573246,0.12821930834202572,3,25,778,167,2.58814573716159e-06,0.00012974207906488484,0.7280718310022287,0.011869975884472111,0.7674418604651163,COMPLETE,0.7674418604651163,0.011869975884472111
46,0.2790697674418605,2026-05-28 15:39:48.343891,2026-05-28 15:39:53.159882,0 days 00:00:04.815991,0.5703333777863365,0.017992642759210736,4,17,1513,241,7.483130865628448e-07,0.0016230841449255686,0.6709106383745778,0.007374439489708496,0.7209302325581395,COMPLETE,0.7209302325581395,0.007374439489708496
47,0.2325581395348837,2026-05-28 15:39:53.160466,2026-05-28 15:39:58.527689,0 days 00:00:05.367223,0.8608216505938875,0.012342686283867815,11,52,1640,146,0.33352419262544303,0.013030593544232744,0.8148880668492338,0.009942243010533224,0.7674418604651163,COMPLETE,0.7674418604651163,0.009942243010533224
48,0.2093023255813954,2026-05-28 15:39:58.528294,2026-05-28 15:40:02.961111,0 days 00:00:04.432817,0.7598015021496787,0.054639070999058105,5,41,1330,162,2.4614199308618617e-07,1.0721121486872097e-05,0.6907297088390137,0.014232112815551779,0.7906976744186046,COMPLETE,0.7906976744186046,0.014232112815551779
49,0.2558139534883721,2026-05-28 15:40:02.961578,2026-05-28 15:40:09.201339,0 days 00:00:06.239761,0.5011078480261274,0.014320753996472377,12,31,1399,128,6.140688680493019e-05,4.885321819651761e-05,0.7709917278645344,0.013322647561907257,0.7441860465116279,COMPLETE,0.7441860465116279,0.013322647561907257
50,0.2325581395348837,2026-05-28 15:40:09.201906,2026-05-28 15:40:14.928170,0 days 00:00:05.726264,0.6153179862224624,0.023932365206661314,9,48,1813,179,0.000942208667605943,8.975949251684581e-07,0.5571047430979033,0.010347477874779427,0.7674418604651163,COMPLETE,0.7674418604651163,0.010347477874779427
51,0.2558139534883721,2026-05-28 15:40:14.928870,2026-05-28 15:40:18.207054,0 days 00:00:03.278184,0.592625517175243,0.029423802678305085,3,43,1572,208,1.0211830081781715e-05,0.00051154918827781,0.7255983817486616,0.010210808642514595,0.7441860465116279,COMPLETE,0.7441860465116279,0.010210808642514595
52,0.2093023255813954,2026-05-28 15:40:18.207681,2026-05-28 15:40:21.197879,0 days 00:00:02.990198,0.5553642035844241,0.038925536567934585,3,50,1505,198,4.338613939895677e-06,0.00031375687892279495,0.8725017409277416,0.0075712604518472955,0.7906976744186046,COMPLETE,0.7906976744186046,0.0075712604518472955
53,0.32558139534883723,2026-05-28 15:40:21.198447,2026-05-28 15:40:25.476857,0 days 00:00:04.278410,0.5944439149579956,0.03352724598145806,4,56,1708,218,2.475518545187325e-05,0.0025067489145995524,0.8412093126302469,0.008919340701017174,0.6744186046511628,COMPLETE,0.6744186046511628,0.008919340701017174
54,0.34883720930232553,2026-05-28 15:40:25.477521,2026-05-28 15:40:27.700283,0 days 00:00:02.222762,0.6828009574984609,0.019577064270083006,3,100,1526,190,0.00022120993263989306,0.00832366425037347,0.9040349675475113,0.0159469239341003,0.6511627906976745,COMPLETE,0.6511627906976745,0.0159469239341003
55,0.2325581395348837,2026-05-28 15:40:27.700822,2026-05-28 15:40:33.014455,0 days 00:00:05.313633,0.6311651295973524,0.04775501836601297,5,46,1726,209,1.605382952298197e-05,4.188338404885389e-08,0.8560125563439689,0.010823355679599913,0.7674418604651163,COMPLETE,0.7674418604651163,0.010823355679599913
56,0.2325581395348837,2026-05-28 15:40:33.015011,2026-05-28 15:40:37.094608,0 days 00:00:04.079597,0.5230097023293601,0.023524936540128792,3,35,1925,223,1.4837095782506151e-06,5.689785907580343e-06,0.812436239024972,0.012400594846553818,0.7674418604651163,COMPLETE,0.7674418604651163,0.012400594846553818
57,0.3023255813953488,2026-05-28 15:40:37.095132,2026-05-28 15:40:39.557468,0 days 00:00:02.462336,0.5819749876052308,0.21914755037238556,4,8,1270,23,4.2034088258020905e-05,0.00018702585535062052,0.7692185210717231,0.01122979016620276,0.6976744186046512,COMPLETE,0.6976744186046512,0.01122979016620276
58,0.32558139534883723,2026-05-28 15:40:39.557975,2026-05-28 15:40:45.169530,0 days 00:00:05.611555,0.5584859233502606,0.05677068784452723,14,41,1427,135,3.989526900385171e-06,0.0035998260956987805,0.5997575339100196,0.014833503114937663,0.6744186046511628,COMPLETE,0.6744186046511628,0.014833503114937663
59,0.32558139534883723,2026-05-28 15:40:45.170086,2026-05-28 15:40:46.531608,0 days 00:00:01.361522,0.6440296053106824,0.029182141811726008,5,64,517,202,9.100992562676439e-05,1.187922082966216e-08,0.5368883046619257,0.009799576868904215,0.6744186046511628,COMPLETE,0.6744186046511628,0.009799576868904215
60,0.2790697674418605,2026-05-28 15:40:46.532250,2026-05-28 15:40:50.177586,0 days 00:00:03.645336,0.6084810040233081,0.13290201187822037,3,23,1652,246,6.18342634979134e-07,0.00042298113280169245,0.9250907776437906,0.011831087859312188,0.7209302325581395,COMPLETE,0.7209302325581395,0.011831087859312188
61,0.16279069767441856,2026-05-28 15:40:50.178220,2026-05-28 15:40:56.581728,0 days 00:00:06.403508,0.5396546436453599,0.07116474099778641,6,37,1715,178,1.3329219456537256e-07,1.5425875737707856e-06,0.6323931566218777,0.015468931798369358,0.8372093023255814,COMPLETE,0.8372093023255814,0.015468931798369358
62,0.2790697674418605,2026-05-28 15:40:56.582259,2026-05-28 15:41:03.786231,0 days 00:00:07.203972,0.5566103775938459,0.2979365607684594,6,29,1814,176,1.1261931885919667e-07,3.094955100235515e-07,0.6471800399340061,0.013080262514895554,0.7209302325581395,COMPLETE,0.7209302325581395,0.013080262514895554
63,0.2790697674418605,2026-05-28 15:41:03.786748,2026-05-28 15:41:09.879174,0 days 00:00:06.092426,0.5180782202738411,0.10262735516224675,6,37,1634,192,2.830950317484542e-08,1.166126662859299e-06,0.5198528580270446,0.012197312688794289,0.7209302325581395,COMPLETE,0.7209302325581395,0.012197312688794289
64,0.37209302325581395,2026-05-28 15:41:09.879740,2026-05-28 15:41:12.809337,0 days 00:00:02.929597,0.5370297232277247,0.0438085694183679,4,86,1734,115,1.1307566097746168e-05,3.1817852815866046e-08,0.6199917129628582,0.013467145241590348,0.627906976744186,COMPLETE,0.627906976744186,0.013467145241590348
65,0.2325581395348837,2026-05-28 15:41:12.809856,2026-05-28 15:41:20.989481,0 days 00:00:08.179625,0.5858239401471621,0.018200759207196254,7,32,1838,184,2.8242015424740433e-07,3.2518668810836875e-05,0.5489065809886314,0.013008551397131309,0.7674418604651163,COMPLETE,0.7674418604651163,0.013008551397131309
66,0.2093023255813954,2026-05-28 15:41:20.990139,2026-05-28 15:41:25.194626,0 days 00:00:04.204487,0.6078356580357883,0.025348820537307432,4,45,1547,159,1.4205767677791417e-08,0.0001226274573039909,0.5790038682550513,0.012199809124728284,0.7906976744186046,COMPLETE,0.7906976744186046,0.012199809124728284
67,0.2790697674418605,2026-05-28 15:41:25.195199,2026-05-28 15:41:32.880213,0 days 00:00:07.685014,0.5651272102536975,0.021733527213763534,10,41,1978,227,2.0747394180798035e-06,5.171808977873887e-06,0.7402649296508108,0.014044513595297303,0.7209302325581395,COMPLETE,0.7209302325581395,0.014044513595297303
68,0.18604651162790697,2026-05-28 15:41:32.880778,2026-05-28 15:41:41.766645,0 days 00:00:08.885867,0.5499685317908104,0.0670263393061289,8,25,1683,169,0.00029467304994652203,8.512614164826216e-08,0.787614407707808,0.008308427448005595,0.813953488372093,COMPLETE,0.813953488372093,0.008308427448005595
69,0.2558139534883721,2026-05-28 15:41:41.767217,2026-05-28 15:41:51.455948,0 days 00:00:09.688731,0.5441913718134788,0.07003800630263983,8,19,1680,171,0.0002712618957263441,7.26954019980782e-08,0.6978262506784434,0.010072583700309612,0.7441860465116279,COMPLETE,0.7441860465116279,0.010072583700309612
70,0.2790697674418605,2026-05-28 15:41:51.456492,2026-05-28 15:42:01.889975,0 days 00:00:10.433483,0.5116968040743047,0.08335478105973415,7,13,1890,151,0.001011374246585151,3.6302198409128996e-07,0.67250661345965,0.007944711227286608,0.7209302325581395,COMPLETE,0.7209302325581395,0.007944711227286608
71,0.2325581395348837,2026-05-28 15:42:01.891326,2026-05-28 15:42:12.043478,0 days 00:00:10.152152,0.5764199876345701,0.06270823422563386,9,25,1779,164,3.4692113133601275e-05,2.2915588294408547e-07,0.7909301986859698,0.00942904423105449,0.7674418604651163,COMPLETE,0.7674418604651163,0.00942904423105449
72,0.32558139534883723,2026-05-28 15:42:12.044103,2026-05-28 15:42:20.512306,0 days 00:00:08.468203,0.6275086786111571,0.03592674652327821,8,28,1596,181,0.002261557772964166,2.1151905392812382e-08,0.7794902487902124,0.009907869141819464,0.6744186046511628,COMPLETE,0.6744186046511628,0.009907869141819464
73,0.2325581395348837,2026-05-28 15:42:20.512905,2026-05-28 15:42:27.609093,0 days 00:00:07.096188,0.596839934093999,0.05006941778998737,9,36,1500,255,6.570264655510036e-06,8.989107571600898e-08,0.8249492741596639,0.012499132564097286,0.7674418604651163,COMPLETE,0.7674418604651163,0.012499132564097286
74,0.3023255813953488,2026-05-28 15:42:27.609640,2026-05-28 15:42:32.451834,0 days 00:00:04.842194,0.5316627554675883,0.09050558098615649,5,23,1375,137,0.00015291671260405412,1.2805266729672983e-06,0.8015782329363392,0.008508939296662422,0.6976744186046512,COMPLETE,0.6976744186046512,0.008508939296662422
75,0.2325581395348837,2026-05-28 15:42:32.452479,2026-05-28 15:42:36.435386,0 days 00:00:03.982907,0.5527640603909487,0.016221593916698474,3,31,1691,196,6.25506524304561e-05,1.107868459455744e-05,0.5019428566221584,0.0115825100402066,0.7674418604651163,COMPLETE,0.7674418604651163,0.0115825100402066
76,0.34883720930232553,2026-05-28 15:42:36.435954,2026-05-28 15:42:42.366898,0 days 00:00:05.930944,0.5697730751059255,0.027308333083340023,6,38,1465,156,0.00034968802541078157,5.275540993826627e-08,0.7582259100697272,0.014726677948923683,0.6511627906976745,COMPLETE,0.6511627906976745,0.014726677948923683
77,0.2790697674418605,2026-05-28 15:42:42.367468,2026-05-28 15:42:43.436566,0 days 00:00:01.069098,0.6566937926495428,0.030798776231640155,4,17,165,171,1.4484370343758861e-05,0.0010246711031737057,0.7082243088830465,0.008042779856739906,0.7209302325581395,COMPLETE,0.7209302325581395,0.008042779856739906
78,0.2558139534883721,2026-05-28 15:42:43.437149,2026-05-28 15:42:46.891874,0 days 00:00:03.454725,0.5280628371244889,0.15454436240406877,3,50,1600,189,1.005377574091558e-06,0.39941784672500136,0.7372757634387247,0.008050009377770158,0.7441860465116279,COMPLETE,0.7441860465116279,0.008050009377770158
79,0.34883720930232553,2026-05-28 15:42:46.892475,2026-05-28 15:42:51.884374,0 days 00:00:04.991899,0.5460246788465792,0.2279566745682592,4,26,1757,147,2.4071297053182877e-05,1.7054653108523432e-07,0.8523906122350692,0.009169176037586463,0.6511627906976745,COMPLETE,0.6511627906976745,0.009169176037586463
80,0.18604651162790697,2026-05-28 15:42:51.884934,2026-05-28 15:42:56.950544,0 days 00:00:05.065610,0.5009470771729634,0.07076033082293691,7,33,1097,234,0.00011142407196398571,1.295029204898815e-08,0.6139594554335457,0.014016644297202098,0.813953488372093,COMPLETE,0.813953488372093,0.014016644297202098
81,0.2093023255813954,2026-05-28 15:42:56.951096,2026-05-28 15:43:01.225755,0 days 00:00:04.274659,0.50696721184773,0.071519839777519,7,33,1094,213,8.459330631727916,1.2285985153603875e-08,0.6015711585103087,0.011045530673159335,0.7906976744186046,COMPLETE,0.7906976744186046,0.011045530673159335
82,0.37209302325581395,2026-05-28 15:43:01.226614,2026-05-28 15:43:05.000084,0 days 00:00:03.773470,0.5177914157317619,0.11135862336315147,8,40,924,233,5.7746560665706854e-05,2.8469130206320464e-08,0.5756203004895287,0.015439897016767042,0.627906976744186,COMPLETE,0.627906976744186,0.015439897016767042
83,0.2790697674418605,2026-05-28 15:43:05.000652,2026-05-28 15:43:11.291945,0 days 00:00:06.291293,0.58779126066601,0.06283177262800048,7,43,1646,245,0.00010581158442692606,1.3011233656138903e-08,0.6428596793207472,0.010303949882765607,0.7209302325581395,COMPLETE,0.7209302325581395,0.010303949882765607
84,0.2558139534883721,2026-05-28 15:43:11.292466,2026-05-28 15:43:16.921057,0 days 00:00:05.628591,0.5694549693500538,0.07942867121457446,8,30,1182,221,8.044140644101306e-06,1.2228467492637158e-07,0.9726916901738623,0.013486462253551861,0.7441860465116279,COMPLETE,0.7441860465116279,0.013486462253551861
85,0.2325581395348837,2026-05-28 15:43:16.921580,2026-05-28 15:43:18.395951,0 days 00:00:01.474371,0.5008638586070269,0.0428363839585504,3,35,658,200,0.00015491037468573303,2.133445033968408e-08,0.6155254466048907,0.012324108827235747,0.7674418604651163,COMPLETE,0.7674418604651163,0.012324108827235747
86,0.2558139534883721,2026-05-28 15:43:18.396428,2026-05-28 15:43:29.279224,0 days 00:00:10.882796,0.9523602761653163,0.052328269366751494,9,20,1555,234,0.00035686480183499524,0.0002446922827145348,0.6559018242250487,0.010444063552377845,0.7441860465116279,COMPLETE,0.7441860465116279,0.010444063552377845
87,0.2093023255813954,2026-05-28 15:43:29.279804,2026-05-28 15:43:38.298262,0 days 00:00:09.018458,0.5345601642724824,0.03335770318719402,8,25,1815,207,2.6749543771689384e-06,0.07552857050224746,0.8308552447976552,0.009728530152709674,0.7906976744186046,COMPLETE,0.7906976744186046,0.009728530152709674
88,0.2325581395348837,2026-05-28 15:43:38.298786,2026-05-28 15:43:43.558920,0 days 00:00:05.260134,0.6062616141242534,0.03827390367853215,5,48,1690,175,1.8638651241482528e-05,3.0189947273712248,0.7796988533025022,0.009249668032991555,0.7674418604651163,COMPLETE,0.7674418604651163,0.009249668032991555
89,0.32558139534883723,2026-05-28 15:43:43.559439,2026-05-28 15:43:49.639363,0 days 00:00:06.079924,0.8366432134825502,0.09110082080370613,7,56,1862,240,1.5382567681420823e-07,0.0020366625487990286,0.682001678671635,0.00829825244275853,0.6744186046511628,COMPLETE,0.6744186046511628,0.00829825244275853
90,0.3023255813953488,2026-05-28 15:43:49.639926,2026-05-28 15:43:55.001399,0 days 00:00:05.361473,0.62728194106922,0.018685013700036206,6,34,1405,128,3.8688400391944805e-05,0.0006699794374972647,0.8062616112827317,0.013154523568560186,0.6976744186046512,COMPLETE,0.6976744186046512,0.013154523568560186
91,0.2790697674418605,2026-05-28 15:43:55.001931,2026-05-28 15:44:00.418665,0 days 00:00:05.416734,0.5442947148237162,0.07279623971302436,5,38,1731,184,2.4845709350284023e-08,2.8925177646186046e-06,0.5874437374503317,0.011646971240539998,0.7209302325581395,COMPLETE,0.7209302325581395,0.011646971240539998
92,0.2790697674418605,2026-05-28 15:44:00.419200,2026-05-28 15:44:02.672139,0 days 00:00:02.252939,0.5604982047106847,0.06686110699409038,4,44,831,179,4.80276821027008e-07,5.4511862952221996e-05,0.6216434595457109,0.009906516205430073,0.7209302325581395,COMPLETE,0.7209302325581395,0.009906516205430073
93,0.2558139534883721,2026-05-28 15:44:02.672659,2026-05-28 15:44:08.734805,0 days 00:00:06.062146,0.5207047577435543,0.058651716366506575,6,27,1608,159,2.514170751443232e-08,2.2209185251531675e-05,0.5484382030798417,0.010912664022496597,0.7441860465116279,COMPLETE,0.7441860465116279,0.010912664022496597
94,0.18604651162790697,2026-05-28 15:44:08.735288,2026-05-28 15:44:12.306112,0 days 00:00:03.570824,0.5821434257524188,0.02159914529585684,3,53,1765,168,9.706030514285992e-08,0.00010886873154557958,0.6356462285019042,0.007199778953914701,0.813953488372093,COMPLETE,0.813953488372093,0.007199778953914701
95,0.2790697674418605,2026-05-28 15:44:12.306607,2026-05-28 15:44:15.789937,0 days 00:00:03.483330,0.5805760779350768,0.020406249590741794,3,59,1775,141,6.038918172609532e-08,3.671228360293926e-05,0.6322714171688316,0.005423059609649913,0.7209302325581395,COMPLETE,0.7209302325581395,0.005423059609649913
96,0.18604651162790697,2026-05-28 15:44:15.790425,2026-05-28 15:44:19.114844,0 days 00:00:03.324419,0.5983679506940573,0.02229482050797966,3,53,1656,163,1.6980688307829025e-07,0.00038738648527914557,0.7554470585782874,0.006750787758182722,0.813953488372093,COMPLETE,0.813953488372093,0.006750787758182722
97,0.3023255813953488,2026-05-28 15:44:19.115345,2026-05-28 15:44:21.233473,0 days 00:00:02.118128,0.6091613634893634,0.021577805612128825,3,55,1034,166,4.280405135659656e-08,8.800287930093804e-05,0.7231055355573655,0.007242675256762062,0.6976744186046512,COMPLETE,0.6976744186046512,0.007242675256762062
98,0.2558139534883721,2026-05-28 15:44:21.233945,2026-05-28 15:44:26.035965,0 days 00:00:04.802020,0.6403156173455453,0.01514780201652295,4,52,1930,152,2.371657573492522e-07,1.6324406208294786e-05,0.7608283340487706,0.00840388999406414,0.7441860465116279,COMPLETE,0.7441860465116279,0.00840388999406414
99,0.37209302325581395,2026-05-28 15:44:26.036471,2026-05-28 15:44:29.270390,0 days 00:00:03.233919,0.6715431183141749,0.024867800600453547,3,63,1658,120,1.887453312669392e-07,0.0003357284865431868,0.6477383446740975,0.007378600925908827,0.627906976744186,COMPLETE,0.627906976744186,0.007378600925908827
100,0.2558139534883721,2026-05-28 15:44:29.270880,2026-05-28 15:44:33.271702,0 days 00:00:04.000822,0.6152695791591102,0.017169651291471053,3,29,1785,146,1.4308621181422163e-07,6.410911287599235e-07,0.6100019776662536,0.009085262160756143,0.7441860465116279,COMPLETE,0.7441860465116279,0.009085262160756143
101,0.2093023255813954,2026-05-28 15:44:33.272562,2026-05-28 15:44:37.332556,0 days 00:00:04.059994,0.5955947116533024,0.022803315359222674,4,47,1566,194,4.837713272474897e-06,0.0056242506521987,0.7894366647310683,0.00951455044060421,0.7906976744186046,COMPLETE,0.7906976744186046,0.00951455044060421
102,0.2558139534883721,2026-05-28 15:44:37.333046,2026-05-28 15:44:40.718458,0 days 00:00:03.385412,0.5514663429998217,0.026926323686142024,3,58,1726,169,6.877892869657452e-08,0.0001806583704120703,0.7688825314280023,0.00518918693803845,0.7441860465116279,COMPLETE,0.7441860465116279,0.00518918693803845
103,0.2558139534883721,2026-05-28 15:44:40.718948,2026-05-28 15:44:43.819692,0 days 00:00:03.100744,0.5864148615775829,0.019058360053155095,3,50,1517,155,1.629929931508333e-06,0.0001247660781602328,0.7519842299413331,0.008643219932936576,0.7441860465116279,COMPLETE,0.7441860465116279,0.008643219932936576
104,0.37209302325581395,2026-05-28 15:44:43.820989,2026-05-28 15:44:47.258254,0 days 00:00:03.437265,0.5649711421513024,0.02200207816263498,4,71,1626,163,0.0006843521227453016,0.0013715471690887643,0.5934451538318278,0.010865170940964227,0.627906976744186,COMPLETE,0.627906976744186,0.010865170940964227
105,0.2093023255813954,2026-05-28 15:44:47.258753,2026-05-28 15:44:50.574576,0 days 00:00:03.315823,0.5996149729758233,0.18426816831873175,3,53,1682,172,1.1057837256178989e-08,5.1547153208188685e-08,0.5717167808447114,0.006659592463300861,0.7906976744186046,COMPLETE,0.7906976744186046,0.006659592463300861
106,0.2790697674418605,2026-05-28 15:44:50.575083,2026-05-28 15:44:55.697649,0 days 00:00:05.122566,0.5130379630500862,0.013630308917113537,7,42,1461,186,4.376241188373036e-07,0.0007025641273199926,0.5176487856376321,0.012650098347469121,0.7209302325581395,COMPLETE,0.7209302325581395,0.012650098347469121
107,0.2325581395348837,2026-05-28 15:44:55.698903,2026-05-28 15:45:02.160493,0 days 00:00:06.461590,0.6191386776851413,0.02455077685609668,10,45,1848,228,9.075312662308983e-07,0.00044474945640018347,0.9481478379016823,0.012235351304448534,0.7674418604651163,COMPLETE,0.7674418604651163,0.012235351304448534
108,0.2325581395348837,2026-05-28 15:45:02.161028,2026-05-28 15:45:10.083941,0 days 00:00:07.922913,0.5730422061009628,0.03065405252359879,8,33,1745,176,2.7264888204336108e-05,0.00029073725866321146,0.8144537372981681,0.012456051174604094,0.7674418604651163,COMPLETE,0.7674418604651163,0.012456051174604094
109,0.2093023255813954,2026-05-28 15:45:10.088750,2026-05-28 15:45:14.285970,0 days 00:00:04.197220,0.5291398314810456,0.017099451343736798,4,22,1320,251,8.246442809428169e-05,9.644703628021056e-05,0.734678934031274,0.00730334139465215,0.7906976744186046,COMPLETE,0.7906976744186046,0.00730334139465215
110,0.2325581395348837,2026-05-28 15:45:14.287298,2026-05-28 15:45:17.548991,0 days 00:00:03.261693,0.6328217552814857,0.02843508239367709,3,39,1536,132,1.3110607133200334e-05,0.0031635706810216593,0.7960272535828364,0.012558810619127381,0.7674418604651163,COMPLETE,0.7674418604651163,0.012558810619127381
111,0.2093023255813954,2026-05-28 15:45:17.549482,2026-05-28 15:45:22.887661,0 days 00:00:05.338179,0.5366488946314479,0.06579147288187707,5,36,1706,177,3.836147065717077e-08,3.937383230491254e-06,0.6688523885767721,0.012876266634605584,0.7906976744186046,COMPLETE,0.7906976744186046,0.012876266634605584
112,0.32558139534883723,2026-05-28 15:45:22.888192,2026-05-28 15:45:27.030995,0 days 00:00:04.142803,0.7466158401204285,0.019928365826485925,4,54,1587,191,9.991091438825278e-08,3.5628537507771035e-08,0.6323539167130959,0.006033703722429032,0.6744186046511628,COMPLETE,0.6744186046511628,0.006033703722429032
113,0.2558139534883721,2026-05-28 15:45:27.031789,2026-05-28 15:45:32.397777,0 days 00:00:05.365988,0.5521678383672068,0.05643846639532951,5,32,1659,183,6.133337865804162e-08,2.1010954980965157e-06,0.7762005979418987,0.013082385272117194,0.7441860465116279,COMPLETE,0.7441860465116279,0.013082385272117194
114,0.2558139534883721,2026-05-28 15:45:32.398276,2026-05-28 15:45:36.999738,0 days 00:00:04.601462,0.5811807369780617,0.04528334974842727,4,49,1804,162,0.00012170021394588457,7.061379607721649e-06,0.7162292744398974,0.010277075208952689,0.7441860465116279,COMPLETE,0.7441860465116279,0.010277075208952689
115,0.3023255813953488,2026-05-28 15:45:37.000241,2026-05-28 15:45:40.808405,0 days 00:00:03.808164,0.5608469414964861,0.08483315710650295,3,42,1887,211,9.225257340079356e-06,1.74527691424834e-06,0.6838475274893783,0.009464178022739928,0.6976744186046512,COMPLETE,0.6976744186046512,0.009464178022739928
116,0.2558139534883721,2026-05-28 15:45:40.808916,2026-05-28 15:45:47.060947,0 days 00:00:06.252031,0.541016153433165,0.05916455311122832,6,27,1627,204,0.0002065759170480815,1.0177873063172863e-08,0.6227761546574432,0.00999090259319595,0.7441860465116279,COMPLETE,0.7441860465116279,0.00999090259319595
117,0.2558139534883721,2026-05-28 15:45:47.061469,2026-05-28 15:45:50.877869,0 days 00:00:03.816400,0.6487612224928528,0.09657882431085633,3,24,1726,173,6.277757573765776e-05,7.687695241744935e-08,0.6539309827486366,0.010887841795296059,0.7441860465116279,COMPLETE,0.7441860465116279,0.010887841795296059
118,0.2325581395348837,2026-05-28 15:45:50.878400,2026-05-28 15:45:55.415770,0 days 00:00:04.537370,0.501092019572862,0.02621071741846311,5,40,1486,149,1.7127916923670347e-08,5.027336450460079e-07,0.8934223263199601,0.014465721970975641,0.7674418604651163,COMPLETE,0.7674418604651163,0.014465721970975641
119,0.2325581395348837,2026-05-28 15:45:55.416268,2026-05-28 15:46:03.755578,0 days 00:00:08.339310,0.5227707764847922,0.07390536558960752,7,30,1965,169,3.3301043960851534e-06,1.350766393614467e-05,0.6079554357608915,0.013002993873688674,0.7674418604651163,COMPLETE,0.7674418604651163,0.013002993873688674
120,0.2558139534883721,2026-05-28 15:46:03.756115,2026-05-28 15:46:08.248238,0 days 00:00:04.492123,0.5989157583217506,0.052210428259385266,4,37,1680,141,2.8501981455743364e-05,0.0009473717431797051,0.745852728704508,0.015506092109887834,0.7441860465116279,COMPLETE,0.7441860465116279,0.015506092109887834
121,0.2558139534883721,2026-05-28 15:46:08.248781,2026-05-28 15:46:15.983359,0 days 00:00:07.734578,0.5893330484689661,0.023238574793917263,8,29,1577,154,5.936593348744267e-06,5.593198649861445,0.9783156027370331,0.015211177517697249,0.7441860465116279,COMPLETE,0.7441860465116279,0.015211177517697249
122,0.2325581395348837,2026-05-28 15:46:15.983881,2026-05-28 15:46:25.633129,0 days 00:00:09.649248,0.7039567272844905,0.020856919024510066,8,21,1755,160,1.682963628208933e-05,1.9343911963064926e-08,0.9981163561833537,0.010121224267874701,0.7674418604651163,COMPLETE,0.7674418604651163,0.010121224267874701
123,0.2558139534883721,2026-05-28 15:46:25.633654,2026-05-28 15:46:31.155964,0 days 00:00:05.522310,0.6232651310050004,0.018170899230175223,9,46,1614,166,4.541293464197087e-05,2.9015994789867814,0.9452671008563115,0.009922112340052932,0.7441860465116279,COMPLETE,0.7441860465116279,0.009922112340052932
124,0.2790697674418605,2026-05-28 15:46:31.156494,2026-05-28 15:46:38.436426,0 days 00:00:07.279932,0.5745313384470363,0.03469654149195543,7,35,1701,180,8.168053723634127e-06,0.9906651345938184,0.5890446715950578,0.013735781372195612,0.7209302325581395,COMPLETE,0.7209302325581395,0.013735781372195612
125,0.18604651162790697,2026-05-28 15:46:38.436946,2026-05-28 15:46:48.293799,0 days 00:00:09.856853,0.6854184800094745,0.015417554814554923,9,19,1547,188,2.927383558483836e-07,2.402199264670213,0.6370400521788142,0.011930874603657859,0.813953488372093,COMPLETE,0.813953488372093,0.011930874603657859
126,0.2790697674418605,2026-05-28 15:46:48.295093,2026-05-28 15:46:57.920513,0 days 00:00:09.625420,0.6068517140629611,0.015334846884423492,9,15,1422,187,6.326001061385194e-07,4.298363952831443,0.6361104911648511,0.013165126842082155,0.7209302325581395,COMPLETE,0.7209302325581395,0.013165126842082155
127,0.2093023255813954,2026-05-28 15:46:57.921776,2026-05-28 15:47:02.923628,0 days 00:00:05.001852,0.512828162851636,0.038675268423776055,10,51,1652,197,3.207647467259448e-07,6.172811998906129,0.6416862198237869,0.0065592591590063025,0.7906976744186046,COMPLETE,0.7906976744186046,0.0065592591590063025
128,0.34883720930232553,2026-05-28 15:47:02.924122,2026-05-28 15:47:12.876223,0 days 00:00:09.952101,0.7202709824994775,0.01097737026981055,9,18,1547,191,1.3192541024857308e-07,9.50466243694716,0.6630195779729726,0.015570148912163675,0.6511627906976745,COMPLETE,0.6511627906976745,0.015570148912163675
129,0.2790697674418605,2026-05-28 15:47:12.877569,2026-05-28 15:47:15.984055,0 days 00:00:03.106486,0.661905827533814,0.0325792891552637,3,44,1487,201,7.988886341441037e-08,3.147519582181285e-05,0.9308495604123878,0.010672176869024929,0.7209302325581395,COMPLETE,0.7209302325581395,0.010672176869024929
130,0.2093023255813954,2026-05-28 15:47:15.984577,2026-05-28 15:47:22.556590,0 days 00:00:06.572013,0.7974332574128318,0.07649006044890184,5,25,1811,217,4.1363089730796505e-08,0.016333944333376794,0.5612401070342472,0.0089968755303305,0.7906976744186046,COMPLETE,0.7906976744186046,0.0089968755303305
131,0.3023255813953488,2026-05-28 15:47:22.557116,2026-05-28 15:47:30.612521,0 days 00:00:08.055405,0.6966239387251166,0.019451403952149445,8,28,1603,182,1.8246261208988423e-07,8.981800057615416,0.9645679110985695,0.01482393786575367,0.6976744186046512,COMPLETE,0.6976744186046512,0.01482393786575367
132,0.2558139534883721,2026-05-28 15:47:30.613046,2026-05-28 15:47:39.168940,0 days 00:00:08.555894,0.6856360984077841,0.01203167221321984,8,31,1766,158,3.987917155381089e-06,0.6764886315977784,0.9537242627435979,0.014019463240479714,0.7441860465116279,COMPLETE,0.7441860465116279,0.014019463240479714
133,0.3023255813953488,2026-05-28 15:47:39.169467,2026-05-28 15:47:43.218135,0 days 00:00:04.048668,0.613073750128549,0.012970978077884153,3,23,1639,136,0.08697667971166298,2.085007752739227,0.6265781561653132,0.010923133089322032,0.6976744186046512,COMPLETE,0.6976744186046512,0.010923133089322032
134,0.2558139534883721,2026-05-28 15:47:43.218656,2026-05-28 15:47:50.984508,0 days 00:00:07.765852,0.6370250466189054,0.022481185633813208,6,10,1567,114,1.5342642191148994e-06,1.9160768344864851,0.6145398208991533,0.009297223606321297,0.7441860465116279,COMPLETE,0.7441860465116279,0.009297223606321297
135,0.2790697674418605,2026-05-28 15:47:50.985049,2026-05-28 15:47:56.183975,0 days 00:00:05.198926,0.6661720916392141,0.017125416398795418,15,20,699,174,1.860530989889767e-05,0.0004803575807747907,0.9174070526368738,0.00954593012813284,0.7209302325581395,COMPLETE,0.7209302325581395,0.00954593012813284
136,0.2093023255813954,2026-05-28 15:47:56.185336,2026-05-28 15:48:07.078784,0 days 00:00:10.893448,0.5495617750243458,0.021040259038116044,9,15,1710,145,2.397452297158778e-06,0.00019925277071437553,0.7860598759010456,0.008073685340735432,0.7906976744186046,COMPLETE,0.7906976744186046,0.008073685340735432
137,0.37209302325581395,2026-05-28 15:48:07.079306,2026-05-28 15:48:11.596625,0 days 00:00:04.517319,0.7731013308333333,0.2540110754504133,4,39,1517,167,6.266278268959794e-06,6.706937456836741,0.6036855343906599,0.014541990029195113,0.627906976744186,COMPLETE,0.627906976744186,0.014541990029195113
138,0.2325581395348837,2026-05-28 15:48:11.597153,2026-05-28 15:48:17.326332,0 days 00:00:05.729179,0.5887823274478565,0.06833927504440773,7,33,1356,36,2.614591782411873e-07,0.0021327606008207695,0.8201244071566804,0.01116904596794641,0.7674418604651163,COMPLETE,0.7674418604651163,0.01116904596794641
139,0.2325581395348837,2026-05-28 15:48:17.326902,2026-05-28 15:48:21.662854,0 days 00:00:04.335952,0.7289801931734542,0.024852504980392293,3,27,1842,242,9.145659709404127e-05,5.320829219855525e-05,0.7608237452724153,0.010514370232160033,0.7674418604651163,COMPLETE,0.7674418604651163,0.010514370232160033
140,0.2558139534883721,2026-05-28 15:48:21.663772,2026-05-28 15:48:27.715273,0 days 00:00:06.051501,0.7423296760597881,0.06233671686991105,8,48,1679,236,4.6875291012355734e-05,2.8215112926621653e-08,0.5458871511750685,0.010553653338074759,0.7441860465116279,COMPLETE,0.7441860465116279,0.010553653338074759
141,0.2558139534883721,2026-05-28 15:48:27.715801,2026-05-28 15:48:35.022380,0 days 00:00:07.306579,0.6033764141767021,0.014311760903728023,7,22,1459,125,5.588748380442988e-07,0.04055241774752757,0.9230968270152916,0.008537830889357544,0.7441860465116279,COMPLETE,0.7441860465116279,0.008537830889357544
142,0.2558139534883721,2026-05-28 15:48:35.022910,2026-05-28 15:48:42.517780,0 days 00:00:07.494870,0.5659216334813673,0.015423893184301665,6,19,1603,131,1.2626212501339125e-06,1.651404899210183,0.9303746199690973,0.010304809074699776,0.7441860465116279,COMPLETE,0.7441860465116279,0.010304809074699776
143,0.18604651162790697,2026-05-28 15:48:42.518310,2026-05-28 15:48:47.171570,0 days 00:00:04.653260,0.5826088870165673,0.01669874308680979,5,26,1236,99,9.261039877469215e-07,0.3060522815497776,0.9358270634888588,0.00813259801313231,0.813953488372093,COMPLETE,0.813953488372093,0.00813259801313231
144,0.2558139534883721,2026-05-28 15:48:47.172087,2026-05-28 15:48:49.694126,0 days 00:00:02.522039,0.5777522083840492,0.019205192259024666,3,25,1026,90,3.815809784686919e-07,0.1885977709718558,0.9654498254082511,0.009886409476872113,0.7441860465116279,COMPLETE,0.7441860465116279,0.009886409476872113
145,0.2558139534883721,2026-05-28 15:48:49.694645,2026-05-28 15:48:56.277487,0 days 00:00:06.582842,0.5919828025873257,0.016486433237124908,5,29,1749,177,9.62707074823724e-08,3.853649907545647,0.9061300318309501,0.014512729554977373,0.7441860465116279,COMPLETE,0.7441860465116279,0.014512729554977373
146,0.41860465116279066,2026-05-28 15:48:56.278232,2026-05-28 15:49:00.351716,0 days 00:00:04.073484,0.561961268228867,0.020194894559048014,4,57,1635,101,1.0495019774836579e-06,0.2907600717770712,0.8662054591137998,0.007580988859523418,0.5813953488372093,COMPLETE,0.5813953488372093,0.007580988859523418
147,0.2093023255813954,2026-05-28 15:49:00.352204,2026-05-28 15:49:02.970118,0 days 00:00:02.617914,0.5299490402245222,0.018279046203341604,3,37,1178,151,1.002051929043794e-05,0.10565289714979226,0.8060849640540776,0.013117975182757792,0.7906976744186046,COMPLETE,0.7906976744186046,0.013117975182757792
148,0.2790697674418605,2026-05-28 15:49:02.970617,2026-05-28 15:49:05.962147,0 days 00:00:02.991530,0.6161588766669723,0.023535001035251156,4,60,1243,83,2.150431705486808e-06,0.0003329759432997748,0.7676945673457358,0.0069893905810198016,0.7209302325581395,COMPLETE,0.7209302325581395,0.0069893905810198016
149,0.2325581395348837,2026-05-28 15:49:05.962658,2026-05-28 15:49:09.270599,0 days 00:00:03.307941,0.5415875621536218,0.02197198997253264,5,34,988,78,0.0002042599383392499,2.0766110051735712e-07,0.9537901402803768,0.012717539890211384,0.7674418604651163,COMPLETE,0.7674418604651163,0.012717539890211384
150,0.2093023255813954,2026-05-28 15:49:09.271086,2026-05-28 15:49:14.222227,0 days 00:00:04.951141,0.5742673029852623,0.027991742008837413,6,31,1272,185,1.8287447325098907e-07,1.0831155676540146e-07,0.9923141943920664,0.012877020067256773,0.7906976744186046,COMPLETE,0.7906976744186046,0.012877020067256773
151,0.2325581395348837,2026-05-28 15:49:14.222765,2026-05-28 15:49:19.095205,0 days 00:00:04.872440,0.5987885455152144,0.01596508167715061,6,26,1116,124,3.635642179373102e-06,0.8849743346434298,0.6481699307298739,0.00851284609086573,0.7674418604651163,COMPLETE,0.7674418604651163,0.00851284609086573
152,0.2325581395348837,2026-05-28 15:49:19.095719,2026-05-28 15:49:27.700239,0 days 00:00:08.604520,0.5845874102326621,0.014752862521287241,8,21,1531,106,6.850631854588491e-07,0.4129798249350125,0.9435888463142054,0.009860644185184498,0.7674418604651163,COMPLETE,0.7674418604651163,0.009860644185184498
153,0.2093023255813954,2026-05-28 15:49:27.700769,2026-05-28 15:49:32.295801,0 days 00:00:04.595032,0.6248504531989182,0.018734272492857876,5,24,1206,141,0.0004929566931819813,0.0007121552094513094,0.9415479701852818,0.009114556964726885,0.7906976744186046,COMPLETE,0.7906976744186046,0.009114556964726885
154,0.2558139534883721,2026-05-28 15:49:32.296324,2026-05-28 15:49:36.116403,0 days 00:00:03.820079,0.6465140434999641,0.013406141029342402,6,41,1086,164,1.1163830058754876e-06,9.535213483513532,0.98032299360465,0.01395752844896352,0.7441860465116279,COMPLETE,0.7441860465116279,0.01395752844896352
155,0.2325581395348837,2026-05-28 15:49:36.116927,2026-05-28 15:49:46.130000,0 days 00:00:10.013073,0.9958369040780326,0.017187115964801998,7,17,1585,65,5.1386902158666236e-08,1.643977391846022e-08,0.7804624636286904,0.008983355764646607,0.7674418604651163,COMPLETE,0.7674418604651163,0.008983355764646607
156,0.4651162790697675,2026-05-28 15:49:46.130579,2026-05-28 15:49:48.581002,0 days 00:00:02.450423,0.5954722626201245,0.07923875200763263,3,89,1441,229,3.699121990790221e-07,0.00014250859624130954,0.9576553360521087,0.018588559754022734,0.5348837209302325,COMPLETE,0.5348837209302325,0.018588559754022734
157,0.2558139534883721,2026-05-28 15:49:48.581495,2026-05-28 15:49:53.291863,0 days 00:00:04.710368,0.551228295301228,0.13614481263149533,4,27,1668,113,1.295886255215726e-05,1.329205842126477,0.9377175020245803,0.012279323200039577,0.7441860465116279,COMPLETE,0.7441860465116279,0.012279323200039577
158,0.2325581395348837,2026-05-28 15:49:53.292402,2026-05-28 15:49:57.255398,0 days 00:00:03.962996,0.580447557618581,0.02089995864947977,3,32,1723,99,2.617573419657414e-06,2.6263598271931543,0.5822073513078408,0.013507254943987988,0.7674418604651163,COMPLETE,0.7674418604651163,0.013507254943987988
159,0.32558139534883723,2026-05-28 15:49:57.255916,2026-05-28 15:50:02.704712,0 days 00:00:05.448796,0.6083533622973178,0.026227951135507816,7,43,1497,194,3.447740730039812e-05,3.0546028272427903e-07,0.7543819108877632,0.012348560676985885,0.6744186046511628,COMPLETE,0.6744186046511628,0.012348560676985885
160,0.18604651162790697,2026-05-28 15:50:02.705508,2026-05-28 15:50:06.534539,0 days 00:00:03.829031,0.5086710584152455,0.017939899684799476,4,53,1556,173,5.582098752657885e-06,0.0015949479254479476,0.6310217515389861,0.0074195371121504716,0.813953488372093,COMPLETE,0.813953488372093,0.0074195371121504716
161,0.2790697674418605,2026-05-28 15:50:06.535044,2026-05-28 15:50:10.289421,0 days 00:00:03.754377,0.5100272223942165,0.016186612203310143,4,54,1534,173,7.152626981706252e-06,0.0016730563555803913,0.6400524903030168,0.006431433555690296,0.7209302325581395,COMPLETE,0.7209302325581395,0.006431433555690296
162,0.2558139534883721,2026-05-28 15:50:10.289906,2026-05-28 15:50:13.120217,0 days 00:00:02.830311,0.5196165141950254,0.018136589782777886,3,51,1383,155,4.438943846712481e-06,0.029293103601843496,0.627435116184873,0.0070596830955551425,0.7441860465116279,COMPLETE,0.7441860465116279,0.0070596830955551425
163,0.18604651162790697,2026-05-28 15:50:13.120706,2026-05-28 15:50:17.715007,0 days 00:00:04.594301,0.5040355623582439,0.01982335414902685,4,23,1559,182,2.1813332202597736e-05,0.0009611245358893833,0.5282462687625497,0.0070301044093340394,0.813953488372093,COMPLETE,0.813953488372093,0.0070301044093340394
164,0.2325581395348837,2026-05-28 15:50:17.715507,2026-05-28 15:50:22.286035,0 days 00:00:04.570528,0.5029305452427524,0.019916849298721388,4,29,1622,181,2.039514312962551e-05,0.000552419669099366,0.5113898788701132,0.011996924108085668,0.7674418604651163,COMPLETE,0.7674418604651163,0.011996924108085668
165,0.2093023255813954,2026-05-28 15:50:22.286532,2026-05-28 15:50:26.597293,0 days 00:00:04.310761,0.5228454522647903,0.023095880214280648,4,47,1681,170,2.7405933817132642e-05,0.0014585830707427021,0.5278658570150814,0.00953845689348842,0.7906976744186046,COMPLETE,0.7906976744186046,0.00953845689348842
166,0.2325581395348837,2026-05-28 15:50:26.597787,2026-05-28 15:50:31.921951,0 days 00:00:05.324164,0.5143008828710017,0.04185045331999223,5,23,1560,178,1.1788142100187094e-05,0.00026566649772717524,0.5357621757902654,0.007299302281869598,0.7674418604651163,COMPLETE,0.7674418604651163,0.007299302281869598
167,0.2558139534883721,2026-05-28 15:50:31.922482,2026-05-28 15:50:35.930672,0 days 00:00:04.008190,0.5005070490476625,0.021760247784660538,4,53,1644,187,7.418491241279379e-05,0.0008405695571560778,0.5050618115792022,0.006986083316707704,0.7441860465116279,COMPLETE,0.7441860465116279,0.006986083316707704
168,0.2790697674418605,2026-05-28 15:50:35.931153,2026-05-28 15:50:39.770620,0 days 00:00:03.839467,0.5282687265123651,0.024507397196563415,3,36,1788,162,0.00031016292453807696,0.0011485508816568297,0.5227036576925433,0.012793297515997743,0.7209302325581395,COMPLETE,0.7209302325581395,0.012793297515997743
169,0.2558139534883721,2026-05-28 15:50:39.771131,2026-05-28 15:50:44.053121,0 days 00:00:04.281990,0.5351053103582257,0.01793325809590517,4,39,1585,169,5.6642118268186525e-06,0.0006100513515971504,0.5996175903628593,0.015581351643041946,0.7441860465116279,COMPLETE,0.7441860465116279,0.015581351643041946
170,0.34883720930232553,2026-05-28 15:50:44.053609,2026-05-28 15:50:47.545290,0 days 00:00:03.491681,0.7162836978585302,0.06252166380812295,3,56,1696,191,1.3420637237440087e-07,0.0004090072819782272,0.6156172588712597,0.009538776010227148,0.6511627906976745,COMPLETE,0.6511627906976745,0.009538776010227148
171,0.2325581395348837,2026-05-28 15:50:47.545829,2026-05-28 15:50:55.604002,0 days 00:00:08.058173,0.5102595785712909,0.019464096940450825,8,19,1482,180,1.7329151314823298e-05,0.008771883453815675,0.6305998872063275,0.009482222306410671,0.7674418604651163,COMPLETE,0.7674418604651163,0.009482222306410671
172,0.2093023255813954,2026-05-28 15:50:55.604809,2026-05-28 15:51:04.995753,0 days 00:00:09.390944,0.5723149892393962,0.016967428160995012,11,25,1563,175,0.00015343918034311987,1.039096027860356e-06,0.7897902258250862,0.00913176338507564,0.7906976744186046,COMPLETE,0.7906976744186046,0.00913176338507564
173,0.2558139534883721,2026-05-28 15:51:04.996303,2026-05-28 15:51:10.780597,0 days 00:00:05.784294,0.5406836435957586,0.021394806996277518,5,21,1520,148,4.51327127787775e-05,0.00022767005017305638,0.6534557286061436,0.008626993847829882,0.7441860465116279,COMPLETE,0.7441860465116279,0.008626993847829882
174,0.2325581395348837,2026-05-28 15:51:10.781290,2026-05-28 15:51:19.758213,0 days 00:00:08.976923,0.5629355849932508,0.014115896034023719,10,27,1619,223,3.2629165755004256e-06,0.004975454126039172,0.8344165527859297,0.008953773494774322,0.7674418604651163,COMPLETE,0.7674418604651163,0.008953773494774322
175,0.2558139534883721,2026-05-28 15:51:19.758734,2026-05-28 15:51:25.954037,0 days 00:00:06.195303,0.5896280187781475,0.07130685010618083,5,23,1739,157,1.9917356923007088e-06,5.457589030274653,0.6230017494990456,0.014250181851370771,0.7441860465116279,COMPLETE,0.7441860465116279,0.014250181851370771
176,0.13953488372093026,2026-05-28 15:51:25.954539,2026-05-28 15:51:30.809800,0 days 00:00:04.855261,0.6025543436672339,0.020054617307864002,4,30,1664,187,2.443367601025133e-07,0.0009370462389523208,0.6367117410714839,0.012185327733101938,0.8604651162790697,COMPLETE,0.8604651162790697,0.012185327733101938
177,0.2093023255813954,2026-05-28 15:51:30.810323,2026-05-28 15:51:35.706796,0 days 00:00:04.896473,0.6895152816179705,0.020591065105201627,4,30,1662,196,2.0854781545373002e-07,0.0010533086368836283,0.6374133664046121,0.011778089949878518,0.7906976744186046,COMPLETE,0.7906976744186046,0.011778089949878518
178,0.3023255813953488,2026-05-28 15:51:35.707313,2026-05-28 15:51:40.365270,0 days 00:00:04.657957,0.6178530992707127,0.04864152129846197,4,34,1706,187,7.478117972376555e-08,0.0022765694542127893,0.6627518017447397,0.013679487789472486,0.6976744186046512,COMPLETE,0.6976744186046512,0.013679487789472486
179,0.2325581395348837,2026-05-28 15:51:40.365809,2026-05-28 15:51:45.412054,0 days 00:00:05.046245,0.5541946077844618,0.029699769131701494,4,28,1768,183,8.113311529371364e-06,0.00039240835296026444,0.6457390383551216,0.009803151351656903,0.7674418604651163,COMPLETE,0.7674418604651163,0.009803151351656903
180,0.2325581395348837,2026-05-28 15:51:45.413325,2026-05-28 15:51:53.626903,0 days 00:00:08.213578,0.5210690616619112,0.022861468225947267,12,30,1612,206,2.656216988772444e-07,5.27828798689885e-08,0.6765105906753726,0.013286512428870505,0.7674418604651163,COMPLETE,0.7674418604651163,0.013286512428870505
181,0.2790697674418605,2026-05-28 15:51:53.627445,2026-05-28 15:51:57.392226,0 days 00:00:03.764781,0.6047416719500313,0.015783499767861683,3,25,1586,174,1.486687289244227e-07,8.472381123696908e-05,0.615732242877645,0.009155370280177912,0.7209302325581395,COMPLETE,0.7209302325581395,0.009155370280177912
182,0.2325581395348837,2026-05-28 15:51:57.392754,2026-05-28 15:52:02.701219,0 days 00:00:05.308465,0.5988090942051214,0.019274345932684563,9,49,1668,190,5.648812460083599e-07,0.0008746434189019581,0.7707753350221136,0.009555083974228105,0.7674418604651163,COMPLETE,0.7674418604651163,0.009555083974228105
183,0.2325581395348837,2026-05-28 15:52:02.702548,2026-05-28 15:52:08.246028,0 days 00:00:05.543480,0.6267004042928673,0.01741752407002805,6,32,1410,168,1.6013100176894779e-06,0.0027760666177167213,0.6060613734486783,0.01296446101427099,0.7674418604651163,COMPLETE,0.7674418604651163,0.01296446101427099
184,0.2093023255813954,2026-05-28 15:52:08.246547,2026-05-28 15:52:13.950582,0 days 00:00:05.704035,0.5834572992035082,0.018409745435973634,5,26,1549,137,9.889286856037844e-08,0.08640520168980768,0.7458583853579313,0.008383462977948166,0.7906976744186046,COMPLETE,0.7906976744186046,0.008383462977948166
185,0.2790697674418605,2026-05-28 15:52:13.951087,2026-05-28 15:52:18.431710,0 days 00:00:04.480623,0.9170517786143165,0.06679382045953858,3,22,1722,179,0.00011564141207498474,3.5780187586327268e-06,0.6355867232012751,0.011711685374135592,0.7209302325581395,COMPLETE,0.7209302325581395,0.011711685374135592
186,0.18604651162790697,2026-05-28 15:52:18.432248,2026-05-28 15:52:22.171451,0 days 00:00:03.739203,0.5071988418306692,0.020463096538367778,4,45,1450,165,3.617514365120329e-08,0.00015924436027698512,0.798031732304686,0.010744789690603709,0.813953488372093,COMPLETE,0.813953488372093,0.010744789690603709
187,0.16279069767441856,2026-05-28 15:52:22.171947,2026-05-28 15:52:26.037698,0 days 00:00:03.865751,0.5109050359748949,0.020942245585048546,4,45,1495,163,2.4020992186099562e-08,0.00014949531858209783,0.7952680916046947,0.010293995788245634,0.8372093023255814,COMPLETE,0.8372093023255814,0.010293995788245634
188,0.18604651162790697,2026-05-28 15:52:26.038196,2026-05-28 15:52:29.792950,0 days 00:00:03.754754,0.5078035967858717,0.024576345570242717,4,45,1453,165,1.662754621712065e-08,0.00014222236147397646,0.7970592944969914,0.010730560217952143,0.813953488372093,COMPLETE,0.813953488372093,0.010730560217952143
189,0.18604651162790697,2026-05-28 15:52:29.793439,2026-05-28 15:52:33.512783,0 days 00:00:03.719344,0.5098822877318664,0.025188621961211757,4,45,1441,163,1.4280873838088367e-08,0.00012206259473738813,0.7937156902225804,0.011338751795923082,0.813953488372093,COMPLETE,0.813953488372093,0.011338751795923082
190,0.2093023255813954,2026-05-28 15:52:33.513273,2026-05-28 15:52:36.958147,0 days 00:00:03.444874,0.505864495277831,0.025417152303235598,4,47,1341,160,1.786606582708796e-08,0.00015917792105630746,0.8020476755801065,0.008397864366200273,0.7906976744186046,COMPLETE,0.7906976744186046,0.008397864366200273
191,0.18604651162790697,2026-05-28 15:52:36.958626,2026-05-28 15:52:40.837845,0 days 00:00:03.879219,0.5118574974332551,0.02429340933870643,4,45,1499,164,3.636416620530904e-08,9.145372476149685e-05,0.8073680751932472,0.011438990581722368,0.813953488372093,COMPLETE,0.813953488372093,0.011438990581722368
192,0.2093023255813954,2026-05-28 15:52:40.838349,2026-05-28 15:52:44.559826,0 days 00:00:03.721477,0.5147424354193814,0.02463572117117384,4,45,1443,163,2.909642443431273e-08,0.00011437568859168193,0.8115274907706099,0.012008785584199516,0.7906976744186046,COMPLETE,0.7906976744186046,0.012008785584199516
193,0.2093023255813954,2026-05-28 15:52:44.560326,2026-05-28 15:52:48.421449,0 days 00:00:03.861123,0.5053121717339922,0.02722162897803412,4,44,1489,166,1.4635438325094877e-08,6.399854348377845e-05,0.8226350124671963,0.01260848997649576,0.7906976744186046,COMPLETE,0.7906976744186046,0.01260848997649576
194,0.2558139534883721,2026-05-28 15:52:48.421954,2026-05-28 15:52:52.192642,0 days 00:00:03.770688,0.5178074106206825,0.0228681392688795,4,43,1423,171,2.243830164001645e-08,3.8272791074408645e-05,0.7936110804944961,0.012265261819531907,0.7441860465116279,COMPLETE,0.7441860465116279,0.012265261819531907
195,0.2558139534883721,2026-05-28 15:52:52.193133,2026-05-28 15:52:55.997171,0 days 00:00:03.804038,0.5294778260334284,0.020190607649165845,4,46,1461,159,3.643459340375809e-08,8.417447500013998e-05,0.7974695286467791,0.011087907843463501,0.7441860465116279,COMPLETE,0.7441860465116279,0.011087907843463501
196,0.2325581395348837,2026-05-28 15:52:55.997668,2026-05-28 15:52:59.342539,0 days 00:00:03.344871,0.5095879225906998,0.022347287749242814,4,49,1309,165,1.2756317183049814e-08,0.0001563749657375335,0.7843015985467419,0.01016334315918996,0.7674418604651163,COMPLETE,0.7674418604651163,0.01016334315918996
197,0.2325581395348837,2026-05-28 15:52:59.343319,2026-05-28 15:53:03.382617,0 days 00:00:04.039298,0.5010195252165632,0.024109840290899746,4,50,1507,154,1.1171170523762193e-08,0.00023877430182440664,0.8089527339299816,0.01015143318513141,0.7674418604651163,COMPLETE,0.7674418604651163,0.01015143318513141
198,0.2558139534883721,2026-05-28 15:53:03.383261,2026-05-28 15:53:07.226597,0 days 00:00:03.843336,0.5232783204579958,0.021349396195934272,4,40,1389,168,2.17549549303823e-08,4.802236790849811e-05,0.7770649486725085,0.015144858607322781,0.7441860465116279,COMPLETE,0.7441860465116279,0.015144858607322781
199,0.2093023255813954,2026-05-28 15:53:07.227376,2026-05-28 15:53:11.094827,0 days 00:00:03.867451,0.5120813489120221,0.026196064601556917,4,45,1469,174,3.536551046841018e-08,9.665441450069859e-05,0.8002256557760165,0.011496746299193755,0.7906976744186046,COMPLETE,0.7906976744186046,0.011496746299193755
